"STATE","LG","WARD","POLLING_UNIT_ID","POLLING_UNIT_NAME","REMARK"
"ADAMAWA","DEMSA","DIRMA","001","BAPTA/ BAPTA","EXISTING PU"
"ADAMAWA","DEMSA","DIRMA","002","BATUM PRI. SCH.","EXISTING PU"
"ADAMAWA","DEMSA","DIRMA","003","BATUM SUMSUMA","EXISTING PU"
"ADAMAWA","DEMSA","DIRMA","004","BOTTA / BOTTA","EXISTING PU"
"ADAMAWA","DEMSA","DIRMA","005","BWADAI","EXISTING PU"
"ADAMAWA","DEMSA","DIRMA","006","BWARA","EXISTING PU"
"ADAMAWA","DEMSA","DIRMA","007","DOLON","EXISTING PU"
"ADAMAWA","DEMSA","DIRMA","008","DOMBI","EXISTING PU"
"ADAMAWA","DEMSA","DIRMA","009","G.D.S.S DIRMA I","EXISTING PU"
"ADAMAWA","DEMSA","DIRMA","010","G.D.S.S DIRMA II","EXISTING PU"
"ADAMAWA","DEMSA","DIRMA","011","KAH","EXISTING PU"
"ADAMAWA","DEMSA","DIRMA","012","KOTI TANDA","EXISTING PU"
"ADAMAWA","DEMSA","DIRMA","013","M/ KOTI","EXISTING PU"
"ADAMAWA","DEMSA","DIRMA","014","SHIURE DISPENSARY","EXISTING PU"
"ADAMAWA","DEMSA","DIRMA","015","SIMKO","EXISTING PU"
"ADAMAWA","DEMSA","DIRMA","016","SIMLATIN","EXISTING PU"
"ADAMAWA","DEMSA","DIRMA","017","TINDE LARU I","EXISTING PU"
"ADAMAWA","DEMSA","DIRMA","018","TINDE LARU II","EXISTING PU"
"ADAMAWA","DEMSA","DIRMA","019","TINDE MBWAI","EXISTING PU"
"ADAMAWA","DEMSA","DUMNE","001","BAKKA","EXISTING PU"
"ADAMAWA","DEMSA","DUMNE","002","BODOMA","EXISTING PU"
"ADAMAWA","DEMSA","DUMNE","003","DIMDIMA","EXISTING PU"
"ADAMAWA","DEMSA","DUMNE","004","DUMNE B PRI. SCH.","EXISTING PU"
"ADAMAWA","DEMSA","DUMNE","005","GOLLA","EXISTING PU"
"ADAMAWA","DEMSA","DUMNE","006","HOMBO PRI. SCH.","EXISTING PU"
"ADAMAWA","DEMSA","DUMNE","007","HOMBO KASITA","EXISTING PU"
"ADAMAWA","DEMSA","DUMNE","008","KASUWA","EXISTING PU"
"ADAMAWA","DEMSA","DUMNE","009","KOFAR JAURO","EXISTING PU"
"ADAMAWA","DEMSA","DUMNE","010","K. WAKILI BAUNA","EXISTING PU"
"ADAMAWA","DEMSA","DUMNE","011","KOGI","EXISTING PU"
"ADAMAWA","DEMSA","DUMNE","012","MALERO","EXISTING PU"
"ADAMAWA","DEMSA","DUMNE","013","PELLA","EXISTING PU"
"ADAMAWA","DEMSA","DUMNE","014","PULLE YANKA","EXISTING PU"
"ADAMAWA","DEMSA","DUMNE","015","SANGRA","EXISTING PU"
"ADAMAWA","DEMSA","DUMNE","016","SHILON PRI. SCH.","EXISTING PU"
"ADAMAWA","DEMSA","DUMNE","017","SIMRA","EXISTING PU"
"ADAMAWA","DEMSA","DUMNE","018","TASHA","EXISTING PU"
"ADAMAWA","DEMSA","DUMNE","019","WALKISHA","EXISTING PU"
"ADAMAWA","DEMSA","DUMNE","020","AREA COURT DADIN KOWA","NEW PU"
"ADAMAWA","DEMSA","DUMNE","021","DEVELOPMENT AREA DUMNE","NEW PU"
"ADAMAWA","DEMSA","DUMNE","022","ZAA DUMNE PRIMARY SCHOOL","NEW PU"
"ADAMAWA","DEMSA","DUMNE","023","KINDE PRIMARY SCHOOL","NEW PU"
"ADAMAWA","DEMSA","DUMNE","024","SHILON SECONDARY SCHOOL","NEW PU"
"ADAMAWA","DEMSA","GUDU MBOI","001","BRADENG/ BRADENG","EXISTING PU"
"ADAMAWA","DEMSA","GUDU MBOI","002","GARIN TUWO","EXISTING PU"
"ADAMAWA","DEMSA","GUDU MBOI","003","GUDU PRI. SCH.","EXISTING PU"
"ADAMAWA","DEMSA","GUDU MBOI","004","HANDA PRI. SCH.","EXISTING PU"
"ADAMAWA","DEMSA","GUDU MBOI","005","K. BANGA PRI. SCH.","EXISTING PU"
"ADAMAWA","DEMSA","GUDU MBOI","006","KOFAR J. AHMADU","EXISTING PU"
"ADAMAWA","DEMSA","GUDU MBOI","007","MABORGAL","EXISTING PU"
"ADAMAWA","DEMSA","GUDU MBOI","008","SINTIRE","EXISTING PU"
"ADAMAWA","DEMSA","GUDU MBOI","009","TUMPA","EXISTING PU"
"ADAMAWA","DEMSA","GUDU MBOI","010","KINTO OPEN SPACE","NEW PU"
"ADAMAWA","DEMSA","KILANGE FUNA","001","ARDO MUAZU","EXISTING PU"
"ADAMAWA","DEMSA","KILANGE FUNA","002","DAMARE","EXISTING PU"
"ADAMAWA","DEMSA","KILANGE FUNA","003","GOLA FULANI","EXISTING PU"
"ADAMAWA","DEMSA","KILANGE FUNA","004","GOLA USMAN","EXISTING PU"
"ADAMAWA","DEMSA","KILANGE FUNA","005","KOFAR ARDO","EXISTING PU"
"ADAMAWA","DEMSA","KILANGE FUNA","006","KORIBU","EXISTING PU"
"ADAMAWA","DEMSA","KILANGE FUNA","007","MURI MANDA","EXISTING PU"
"ADAMAWA","DEMSA","KILANGE FUNA","008","SABON GARI","EXISTING PU"
"ADAMAWA","DEMSA","KILANGE FUNA","009","WALOWOL","EXISTING PU"
"ADAMAWA","DEMSA","KILANGE FUNA","010","WURO BABBA","EXISTING PU"
"ADAMAWA","DEMSA","KILANGE FUNA","011","WURO BADIDDI","EXISTING PU"
"ADAMAWA","DEMSA","KILANGE FUNA","012","WURO BUBA","EXISTING PU"
"ADAMAWA","DEMSA","KILANGE FUNA","013","WURO MALLUM","EXISTING PU"
"ADAMAWA","DEMSA","KILANGE FUNA","014","ZUMORE","EXISTING PU"
"ADAMAWA","DEMSA","KILANGE HIRNA","001","BOLOKO","EXISTING PU"
"ADAMAWA","DEMSA","KILANGE HIRNA","002","DALLOL","EXISTING PU"
"ADAMAWA","DEMSA","KILANGE HIRNA","003","GELEDI","EXISTING PU"
"ADAMAWA","DEMSA","KILANGE HIRNA","004","GELENG I(OPEN SQUARE)","EXISTING PU"
"ADAMAWA","DEMSA","KILANGE HIRNA","005","GELENG II(OPEN SQUARE)","EXISTING PU"
"ADAMAWA","DEMSA","KILANGE HIRNA","006","KANAWA","EXISTING PU"
"ADAMAWA","DEMSA","KILANGE HIRNA","007","KUNGO","EXISTING PU"
"ADAMAWA","DEMSA","KILANGE HIRNA","008","TASU HAUSA","EXISTING PU"
"ADAMAWA","DEMSA","KILANGE HIRNA","009","WURO DAUDU","EXISTING PU"
"ADAMAWA","DEMSA","KILANGE HIRNA","010","TASU ARDO NEAR PUBLIC WELL","NEW PU"
"ADAMAWA","DEMSA","SIGIRE","001","CHIBAWURO","EXISTING PU"
"ADAMAWA","DEMSA","SIGIRE","002","GOLARE","EXISTING PU"
"ADAMAWA","DEMSA","SIGIRE","003","GOLONTOBAL","EXISTING PU"
"ADAMAWA","DEMSA","SIGIRE","004","GULUNGO","EXISTING PU"
"ADAMAWA","DEMSA","SIGIRE","005","KESURE","EXISTING PU"
"ADAMAWA","DEMSA","SIGIRE","006","KOFAR ARDO","EXISTING PU"
"ADAMAWA","DEMSA","SIGIRE","007","SIGIRE","EXISTING PU"
"ADAMAWA","DEMSA","SIGIRE","008","SIGIRE GADAMAYO","EXISTING PU"
"ADAMAWA","DEMSA","SIGIRE","009","WURO HESSO PRIMARY SCHOOL","NEW PU"
"ADAMAWA","DEMSA","SIGIRE","010","BALDI PRIMARY SCHOOL","NEW PU"
"ADAMAWA","DEMSA","SIGIRE","011","GOLARE II PRIMARY","NEW PU"
"ADAMAWA","DEMSA","SIGIRE","012","GOLONTABAL MARKET SQUARE","NEW PU"
"ADAMAWA","DEMSA","SIGIRE","013","BOKKI PRIMARY SCHOOL","NEW PU"
"ADAMAWA","DEMSA","SIGIRE","014","MAROMA PRIMARY SCHOOL","NEW PU"
"ADAMAWA","DEMSA","SIGIRE","015","GILANBARA PRIMARY SCHOOL","NEW PU"
"ADAMAWA","DEMSA","SIGIRE","016","NADDA OPEN SPACE NEAR PUBLIC WELL","NEW PU"
"ADAMAWA","DEMSA","SUKTU","001","ANG. JAURO","EXISTING PU"
"ADAMAWA","DEMSA","SUKTU","002","BALMA","EXISTING PU"
"ADAMAWA","DEMSA","SUKTU","003","BARIKI","EXISTING PU"
"ADAMAWA","DEMSA","SUKTU","004","GBAWE","EXISTING PU"
"ADAMAWA","DEMSA","SUKTU","005","JIMBO FULANI","EXISTING PU"
"ADAMAWA","DEMSA","SUKTU","006","JIMBO TADI","EXISTING PU"
"ADAMAWA","DEMSA","SUKTU","007","KUMA PRI. SCH","EXISTING PU"
"ADAMAWA","DEMSA","SUKTU","008","KUMLE SOKORON","EXISTING PU"
"ADAMAWA","DEMSA","SUKTU","009","KWADANGO","EXISTING PU"
"ADAMAWA","DEMSA","SUKTU","010","MASENO","EXISTING PU"
"ADAMAWA","DEMSA","SUKTU","011","MBAI","EXISTING PU"
"ADAMAWA","DEMSA","SUKTU","012","LETI GBEN","EXISTING PU"
"ADAMAWA","DEMSA","SUKTU","013","ROMA CHURCH","EXISTING PU"
"ADAMAWA","DEMSA","SUKTU","014","SALASA PRI. SCH.","EXISTING PU"
"ADAMAWA","DEMSA","SUKTU","015","SUKTU PRI. SCH.","EXISTING PU"
"ADAMAWA","DEMSA","SUKTU","016","SUKTU SATTE","EXISTING PU"
"ADAMAWA","DEMSA","SUKTU","017","ZABNA","EXISTING PU"
"ADAMAWA","DEMSA","SUKTU","018","ZATA ANG. JAURO","NEW PU"
"ADAMAWA","DEMSA","SUKTU","019","ZATA BATODO","EXISTING PU"
"ADAMAWA","DEMSA","SONG GARI","001","ATIKU PRI. SCH.","EXISTING PU"
"ADAMAWA","DEMSA","SONG GARI","002","BABAL K. SARKI","EXISTING PU"
"ADAMAWA","DEMSA","SONG GARI","003","BICHEL I KOFAR JAURO","EXISTING PU"
"ADAMAWA","DEMSA","SONG GARI","004","BICHEL II(OPEN SQUARE)","EXISTING PU"
"ADAMAWA","DEMSA","SONG GARI","005","BOLKI PRI. SCH.","EXISTING PU"
"ADAMAWA","DEMSA","SONG GARI","006","CLINIC A","EXISTING PU"
"ADAMAWA","DEMSA","SONG GARI","007","CLINIC B","EXISTING PU"
"ADAMAWA","DEMSA","SONG GARI","008","DADINKOWA HAUSAWA","EXISTING PU"
"ADAMAWA","DEMSA","SONG GARI","009","DADINKOWA J. AMINU","EXISTING PU"
"ADAMAWA","DEMSA","SONG GARI","010","DAUCHI","EXISTING PU"
"ADAMAWA","DEMSA","SONG GARI","011","FULANI MBALYEBBE","EXISTING PU"
"ADAMAWA","DEMSA","SONG GARI","012","HAYIN GADA LOKO","EXISTING PU"
"ADAMAWA","DEMSA","SONG GARI","013","HOKKATA","EXISTING PU"
"ADAMAWA","DEMSA","SONG GARI","014","KAULARA","EXISTING PU"
"ADAMAWA","DEMSA","SONG GARI","015","KITCHIU","EXISTING PU"
"ADAMAWA","DEMSA","SONG GARI","016","KOFAR ABDUWA","EXISTING PU"
"ADAMAWA","DEMSA","SONG GARI","017","KOFAR MODIBBO","EXISTING PU"
"ADAMAWA","DEMSA","SONG GARI","018","K. J SAIDU","EXISTING PU"
"ADAMAWA","DEMSA","SONG GARI","019","K. J UMARU","EXISTING PU"
"ADAMAWA","DEMSA","SONG GARI","020","MBILLA","EXISTING PU"
"ADAMAWA","DEMSA","SONG GARI","021","PROF. J. A PRI. SCH.","EXISTING PU"
"ADAMAWA","DEMSA","SONG GARI","022","SABON LOKO","EXISTING PU"
"ADAMAWA","DEMSA","SONG GARI","023","SAWIN","EXISTING PU"
"ADAMAWA","DEMSA","SONG GARI","024","VIEWING CENTRE","EXISTING PU"
"ADAMAWA","DEMSA","SONG GARI","025","V. T. C SONG","EXISTING PU"
"ADAMAWA","DEMSA","SONG GARI","026","SOLAR BORE HOLE ANGUWAN ATIKU","NEW PU"
"ADAMAWA","DEMSA","SONG GARI","027","GUDULE PRIMARY SCHOOL","NEW PU"
"ADAMAWA","DEMSA","SONG GARI","028","OPEN SPACE NEAR POLICE BARRACKS TAROWO","NEW PU"
"ADAMAWA","DEMSA","SONG GARI","029","BICHEL I OPEN SPACE","NEW PU"
"ADAMAWA","DEMSA","SONG GARI","030","POST OFFICE SONG","NEW PU"
"ADAMAWA","DEMSA","SONG GARI","031","BICHEL BORE HOLE OPEN SPACE","NEW PU"
"ADAMAWA","DEMSA","SONG GARI","032","BICHEL TIKE","NEW PU"
"ADAMAWA","DEMSA","SONG GARI","033","VETERINARY CLINIC SONG","NEW PU"
"ADAMAWA","DEMSA","SONG GARI","034","VIEWING CENTRE GADA MAYO","NEW PU"
"ADAMAWA","DEMSA","SONG GARI","035","KELELE AGRIC STORE","NEW PU"
"ADAMAWA","DEMSA","SONG GARI","036","LOKO MOTOR PARK","NEW PU"
"ADAMAWA","DEMSA","SONG GARI","037","KOLERE OPEN SPACE NEAR BORE HOLE","NEW PU"
"ADAMAWA","DEMSA","SONG GARI","038","ANGUWAN DAMAGARAMA NEAR BORE HOLE","NEW PU"
"ADAMAWA","DEMSA","SONG GARI","039","BORE HOLE BAKIN GADA, GADA MAYO","NEW PU"
"ADAMAWA","DEMSA","SONG GARI","040","BORE HOLE III GRA TARAWO","NEW PU"
"ADAMAWA","DEMSA","SONG GARI","041","SABON PEGI NEAR BORE HOLE","NEW PU"
"ADAMAWA","DEMSA","SONG GARI","042","SABON LOKO BORE HOLE","NEW PU"
"ADAMAWA","DEMSA","SONG GARI","043","GOVERNMENT DAY SECONDARY SCHOOL SONG","NEW PU"
"ADAMAWA","DEMSA","SONG GARI","044","SABILU SAADA PRIMARY SCHOOL","NEW PU"
"ADAMAWA","DEMSA","SONG GARI","045","BONGO PRIMARY SCHOOL","NEW PU"
"ADAMAWA","DEMSA","SONG GARI","046","DANGAWA OPEN SPACE NEAR BORE HOLE","NEW PU"
"ADAMAWA","DEMSA","SONG WAJE","001","BABAL","EXISTING PU"
"ADAMAWA","DEMSA","SONG WAJE","002","BURTUM","EXISTING PU"
"ADAMAWA","DEMSA","SONG WAJE","003","DIDANGO","EXISTING PU"
"ADAMAWA","DEMSA","SONG WAJE","004","GALAMBA","EXISTING PU"
"ADAMAWA","DEMSA","SONG WAJE","005","GEWAN PRI. SCH.","EXISTING PU"
"ADAMAWA","DEMSA","SONG WAJE","006","KOFAR ARDO MURKE II","EXISTING PU"
"ADAMAWA","DEMSA","SONG WAJE","007","KOFAR ARDO MURKE II","EXISTING PU"
"ADAMAWA","DEMSA","SONG WAJE","008","KOFAR MAIRIGA","EXISTING PU"
"ADAMAWA","DEMSA","SONG WAJE","009","MUDUNGO","EXISTING PU"
"ADAMAWA","DEMSA","SONG WAJE","010","MULENG KURO","EXISTING PU"
"ADAMAWA","DEMSA","SONG WAJE","011","SAYEJO","EXISTING PU"
"ADAMAWA","DEMSA","SONG WAJE","012","WURO KONCHA","EXISTING PU"
"ADAMAWA","DEMSA","SONG WAJE","013","WURO LAINDE I","EXISTING PU"
"ADAMAWA","DEMSA","SONG WAJE","014","WURO LAINDE II","EXISTING PU"
"ADAMAWA","DEMSA","SONG WAJE","015","MAMBURSO PRIMARY SCHOOL","NEW PU"
"ADAMAWA","DEMSA","SONG WAJE","016","MARARABAN DUMNE PRIMARY SCHOOL","NEW PU"
"ADAMAWA","DEMSA","SONG WAJE","017","HAWA PRIMARY SCHOOL","NEW PU"
"ADAMAWA","DEMSA","SONG WAJE","018","MULLENG KURO I OPEN SPACE","NEW PU"
"ADAMAWA","DEMSA","SONG WAJE","019","MAYO DELMO PRIMARY SCHOOL","NEW PU"
"ADAMAWA","DEMSA","SONG WAJE","020","KANGTA HAUSA BORE HOLE OPEN SPACE","NEW PU"
"ADAMAWA","DEMSA","WALTANDI","001","BABRA","EXISTING PU"
"ADAMAWA","DEMSA","WALTANDI","002","DABAL","EXISTING PU"
"ADAMAWA","DEMSA","WALTANDI","003","DIKIR PRI. SCH.","EXISTING PU"
"ADAMAWA","DEMSA","WALTANDI","004","GANGANE","EXISTING PU"
"ADAMAWA","DEMSA","WALTANDI","005","GARKIJIK","EXISTING PU"
"ADAMAWA","DEMSA","WALTANDI","006","GBANGLANGRA","EXISTING PU"
"ADAMAWA","DEMSA","WALTANDI","007","GORA","EXISTING PU"
"ADAMAWA","DEMSA","WALTANDI","008","KIPIRO","EXISTING PU"
"ADAMAWA","DEMSA","WALTANDI","009","KUKTA PRI. SCH.","EXISTING PU"
"ADAMAWA","DEMSA","WALTANDI","010","PRAMBE PRI. SCH.","EXISTING PU"
"ADAMAWA","DEMSA","WALTANDI","011","SAKIDA","EXISTING PU"
"ADAMAWA","DEMSA","WALTANDI","012","SAU BIRI","EXISTING PU"
"ADAMAWA","DEMSA","WALTANDI","013","SEBULUR","EXISTING PU"
"ADAMAWA","DEMSA","WALTANDI","014","WALTADI PRI. SCH.","EXISTING PU"
"ADAMAWA","DEMSA","WALTANDI","015","GULBATA OPEN SPACE NEAR BORE HOLE","NEW PU"
"ADAMAWA","DEMSA","ZUMO","001","BADUWARE","EXISTING PU"
"ADAMAWA","DEMSA","ZUMO","002","CHALAWA","EXISTING PU"
"ADAMAWA","DEMSA","ZUMO","003","KARALLAHI","EXISTING PU"
"ADAMAWA","DEMSA","ZUMO","004","KAREWA","EXISTING PU"
"ADAMAWA","DEMSA","ZUMO","005","KOLERE I","EXISTING PU"
"ADAMAWA","DEMSA","ZUMO","006","KOLERE II","EXISTING PU"
"ADAMAWA","DEMSA","ZUMO","007","LABBARE","EXISTING PU"
"ADAMAWA","DEMSA","ZUMO","008","LABBARE/ K. J. WAMBAI","EXISTING PU"
"ADAMAWA","DEMSA","ZUMO","009","LAMORDE","EXISTING PU"
"ADAMAWA","DEMSA","ZUMO","010","MAYEL KEWE","EXISTING PU"
"ADAMAWA","DEMSA","ZUMO","011","MAYO NGALBIWA","EXISTING PU"
"ADAMAWA","DEMSA","ZUMO","012","HOLMA CLINIC","NEW PU"
"ADAMAWA","DEMSA","ZUMO","013","ZUMO PRIMARY SCHOOL","NEW PU"
"ADAMAWA","FUFORE","DAWO I","001","BONEN DANKI / KOFAR JAURO BONEN DANKI","EXISTING PU"
"ADAMAWA","FUFORE","DAWO I","002","BONEN KOKO / KOFAR JAURO BONEN KOKO","EXISTING PU"
"ADAMAWA","FUFORE","DAWO I","003","GANGSEN I/ KOFAR JAURO G/SENI","EXISTING PU"
"ADAMAWA","FUFORE","DAWO I","004","GANGTAREN WASI / KOFAR JAURO G/WASI","EXISTING PU"
"ADAMAWA","FUFORE","DAWO I","005","GANGWAREN / KOFAR JAURO G/WAREN","EXISTING PU"
"ADAMAWA","FUFORE","DAWO I","006","GIDAN BIRI / KOFAR JAURO G/BIRI","EXISTING PU"
"ADAMAWA","FUFORE","DAWO I","007","JANGLA / KOFAR JAURO JANGLA","EXISTING PU"
"ADAMAWA","FUFORE","DAWO I","008","TIMBUANG / KOFAR JAURO TIMBUANG","EXISTING PU"
"ADAMAWA","FUFORE","DAWO I","009","TIMKEI / KOFAR JAURO TIMKEI","EXISTING PU"
"ADAMAWA","FUFORE","DAWO II","001","DAKA LAJE / KOFAR JAURO DAKA LAJE","EXISTING PU"
"ADAMAWA","FUFORE","DAWO II","002","DALUMEN/ KOFAR JAURO DALUMEN","EXISTING PU"
"ADAMAWA","FUFORE","DAWO II","003","DOTTIWA/ KOFAR JAURO DOTTIWA","EXISTING PU"
"ADAMAWA","FUFORE","DAWO II","004","GAJERE TIMWO/ KOFAR JAURO G/TIMWO","EXISTING PU"
"ADAMAWA","FUFORE","DAWO II","005","GAKSEUM/ KOFAR JAURO GAKSEUM","EXISTING PU"
"ADAMAWA","FUFORE","DAWO II","006","MAYO BAJI/ KOFAR JAURO MAYO BAJI","EXISTING PU"
"ADAMAWA","FUFORE","DAWO II","007","MAYO DUKEN/ KOFAR JAURO M/DUKEN","EXISTING PU"
"ADAMAWA","FUFORE","DAWO II","008","MAYO VEM/ KOFAR JAURO M/VEM","EXISTING PU"
"ADAMAWA","FUFORE","DAWO II","009","MIKUSUM/ KOFAR JAURO MIKUSUM","EXISTING PU"
"ADAMAWA","FUFORE","DAWO II","010","WAZIRI/ KOFAR JAURO WAZIRI","EXISTING PU"
"ADAMAWA","FUFORE","GUMTI","001","BODEL/ KOFAR JAURO BODEL","EXISTING PU"
"ADAMAWA","FUFORE","GUMTI","002","DEUJIMAN/ KOFAR JAURO DEUJIMAN","EXISTING PU"
"ADAMAWA","FUFORE","GUMTI","003","DEUTIPSAN/ KOFAR JAURO DEUTIPSAN","EXISTING PU"
"ADAMAWA","FUFORE","GUMTI","004","DEUTIPSAN MUMUYE/ KOFAR JAURO D.T. MUMUYE","EXISTING PU"
"ADAMAWA","FUFORE","GUMTI","005","DEUYEMTI/ KOFAR JAURO DEUYEMTI","EXISTING PU"
"ADAMAWA","FUFORE","GUMTI","006","GUM/ KOFAR JAURO GUM","EXISTING PU"
"ADAMAWA","FUFORE","GUMTI","007","GUMTI/ GUMTI PRI. SCH.","EXISTING PU"
"ADAMAWA","FUFORE","GUMTI","008","LUGGERE BANA/ KOFAR JAURO L/BANA","EXISTING PU"
"ADAMAWA","FUFORE","GUMTI","009","TAPARE/ KOFAR JAURO TAPARE","EXISTING PU"
"ADAMAWA","FUFORE","KIRI I","001","BINAKA/ KOFAR JAURO BINAKA","EXISTING PU"
"ADAMAWA","FUFORE","KIRI I","002","DALASUM/ DALASUM PRI. SCHOOL","EXISTING PU"
"ADAMAWA","FUFORE","KIRI I","003","DASISO/ KOFAR JAURO DASISO","EXISTING PU"
"ADAMAWA","FUFORE","KIRI I","004","DAYAM/ KOFAR JAURO DAYAM","EXISTING PU"
"ADAMAWA","FUFORE","KIRI I","005","JAURO LAWESO/ KOFAR JAURO LAWESO","EXISTING PU"
"ADAMAWA","FUFORE","KIRI I","006","KIRI PETEL/ DISTRICT OFFICE KIRI","EXISTING PU"
"ADAMAWA","FUFORE","KIRI I","007","KIRI PETEL/ KIRI PRI. SCH.","EXISTING PU"
"ADAMAWA","FUFORE","KIRI I","008","MAYO LORU/ DUKUDU PRI. SCH.","EXISTING PU"
"ADAMAWA","FUFORE","KIRI I","009","MENTANI/ MENTANI PRI. SCH.","EXISTING PU"
"ADAMAWA","FUFORE","KIRI I","010","UNGUWAN HAUSA/ KOFAR JAURO U/HAUSA","EXISTING PU"
"ADAMAWA","FUFORE","KIRI I","011","MENTANI CLINIC","NEW PU"
"ADAMAWA","FUFORE","KIRI II","001","DAKEU/ KOFAR JAURO DAKEU","EXISTING PU"
"ADAMAWA","FUFORE","KIRI II","002","JIJI/ KOFAR JAURO JIJI","EXISTING PU"
"ADAMAWA","FUFORE","KIRI II","003","KILA JUBSERI/ KILA JUBSERI PRI. SCH.","EXISTING PU"
"ADAMAWA","FUFORE","KIRI II","004","MAKAMA/ TIMBUKUN PRI. SCH.","EXISTING PU"
"ADAMAWA","FUFORE","KIRI II","005","TAKSI GANTEN/ KOFAR JAURO TAKSI","EXISTING PU"
"ADAMAWA","FUFORE","KIRI II","006","TIMBO/ TIMBO PRI. SCH.","EXISTING PU"
"ADAMAWA","FUFORE","KIRI II","007","TIMBO/ KOFAR JAURO TIMBO","EXISTING PU"
"ADAMAWA","FUFORE","KIRI II","008","TIMGBU/ TIMGBU PRI. SCH.","EXISTING PU"
"ADAMAWA","FUFORE","KONGIN BABA I","001","GASSANOPI/ KOFAR MAIUNGUWA","EXISTING PU"
"ADAMAWA","FUFORE","KONGIN BABA I","002","JIMAN/ KOFAR MAIUNGUWA","EXISTING PU"
"ADAMAWA","FUFORE","KONGIN BABA I","003","KOGIN BABA/ KOGIN BABA PRI. SCH.","EXISTING PU"
"ADAMAWA","FUFORE","KONGIN BABA I","004","LAWAN KONTI/ KOFAR MAIUNGUWA","EXISTING PU"
"ADAMAWA","FUFORE","KONGIN BABA I","005","SONGOLI/ KOFAR MAIUNGUWA","EXISTING PU"
"ADAMAWA","FUFORE","KONGIN BABA II","001","DANBARA/ KOFAR JAURO","EXISTING PU"
"ADAMAWA","FUFORE","KONGIN BABA II","002","GANGWAREN/ KOFAR JAURO","EXISTING PU"
"ADAMAWA","FUFORE","KONGIN BABA II","003","HORE YIWA/ KOFAR JAURO","EXISTING PU"
"ADAMAWA","FUFORE","KONGIN BABA II","004","KENNA/ KOFAR JAURO","EXISTING PU"
"ADAMAWA","FUFORE","KONGIN BABA II","005","YAKPEN/ KOFAR JAURO","EXISTING PU"
"ADAMAWA","FUFORE","TOUNGO I","001","BARADE/ TOUNGO MAIN MARKET","EXISTING PU"
"ADAMAWA","FUFORE","TOUNGO I","002","BARADE/ TOUNGO MOTOR PARK","EXISTING PU"
"ADAMAWA","FUFORE","TOUNGO I","003","BARADE/ KOFAR JAURO BARADE","EXISTING PU"
"ADAMAWA","FUFORE","TOUNGO I","004","BARADE/ KOFAR JAURO BARADE OPP. WELL","EXISTING PU"
"ADAMAWA","FUFORE","TOUNGO I","005","GARBA CHAMBA/ G.S.S TOUNGO","EXISTING PU"
"ADAMAWA","FUFORE","TOUNGO I","006","GARBA CHAMBA/ G.S.S TOUNGO","EXISTING PU"
"ADAMAWA","FUFORE","TOUNGO I","007","GARBA CHAMBA/ TOUNGO II PRI. SCH.","EXISTING PU"
"ADAMAWA","FUFORE","TOUNGO I","008","MAYO SANGNARE/ KOFAR JAURO M/SANGNARE","EXISTING PU"
"ADAMAWA","FUFORE","TOUNGO I","009","VIEWING CENTER, OLD MARKET","NEW PU"
"ADAMAWA","FUFORE","TOUNGO I","010","BORE HOLE","NEW PU"
"ADAMAWA","FUFORE","TOUNGO I","011","OPEN SPACE VIEWING CENTRE","NEW PU"
"ADAMAWA","FUFORE","TOUNGO I","012","VIEWING CENTRE","NEW PU"
"ADAMAWA","FUFORE","TOUNGO I","013","GARBA CHAMBA/GSS TOUNGO","NEW PU"
"ADAMAWA","FUFORE","TOUNGO I","014","GARBA CHAMBA/GSS TOUNGO","NEW PU"
"ADAMAWA","FUFORE","TOUNGO I","015","GARBA CHAMBA/GSS TOUNGO","NEW PU"
"ADAMAWA","FUFORE","TOUNGO II","001","LAINDE CHITTA/ LAINDE CHITTA PRI. SCH.","EXISTING PU"
"ADAMAWA","FUFORE","TOUNGO II","002","MAYO BAKARI/ KOFAR JAURO M/BAKARI","EXISTING PU"
"ADAMAWA","FUFORE","TOUNGO II","003","MAYO BUTALI/ KOFAR JAURO M/BUTALI","EXISTING PU"
"ADAMAWA","FUFORE","TOUNGO II","004","MAYO GBAGBAG/ MAYO GBAGBAG PRI. SCH.","EXISTING PU"
"ADAMAWA","FUFORE","TOUNGO II","005","MAYO SUMSUM/ KOFAR JAURO M/SUMSUM","EXISTING PU"
"ADAMAWA","FUFORE","TOUNGO II","006","YERIMA ISA/ DISTRICT OFFICE TOUNGO","EXISTING PU"
"ADAMAWA","FUFORE","TOUNGO II","007","YERIMA ISA/ OPP. AREA COURT OFFICE","EXISTING PU"
"ADAMAWA","FUFORE","TOUNGO II","008","YERIMA ISA/ LOCAL GOVT. SECRETARIAT","EXISTING PU"
"ADAMAWA","FUFORE","TOUNGO II","009","BUSPAN PRI SCH","NEW PU"
"ADAMAWA","FUFORE","TOUNGO II","010","G/GUMTI NAT. PARK QRTS","NEW PU"
"ADAMAWA","FUFORE","TOUNGO II","011","MDG BORE HOLE","NEW PU"
"ADAMAWA","FUFORE","TOUNGO II","012","AGRIC OFFICE ADJ","NEW PU"
"ADAMAWA","FUFORE","TOUNGO II","013","AGRIC SKILLS ACQUISATION CENTRE","NEW PU"
"ADAMAWA","FUFORE","TOUNGO II","015","WOMEN DEVT. CENTRE","NEW PU"
"ADAMAWA","FUFORE","TOUNGO II","016","LAINDE CHITTA HEALTH  CLINIC","NEW PU"
"ADAMAWA","FUFORE","TOUNGO III","001","GANGZAMANU/ GANGZAMANU PRI. SCH.","EXISTING PU"
"ADAMAWA","FUFORE","TOUNGO III","002","GANGZAMANU/ KOFAR JAURO","EXISTING PU"
"ADAMAWA","FUFORE","TOUNGO III","003","GANGSOREN/ KOFAR MAI ANGUWA","EXISTING PU"
"ADAMAWA","FUFORE","TOUNGO III","004","JANGAWE BABALE/ NAWAI PRI. SCH.","EXISTING PU"
"ADAMAWA","FUFORE","TOUNGO III","005","LAWAN DAKA/ KOFAR MAIUNGUWA","EXISTING PU"
"ADAMAWA","FUFORE","TOUNGO III","006","MADAKI CHACHA/ KOFAR MAIUNGUWA MAYO CHACHA","EXISTING PU"
"ADAMAWA","FUFORE","TOUNGO III","007","NADU/ NADU PRI. SCH.","EXISTING PU"
"ADAMAWA","FUFORE","TOUNGO III","008","WAMBAI TAKSI/ KOFAR MAIUNGUWA W/TAKSI","EXISTING PU"
"ADAMAWA","FUFORE","TOUNGO III","009","YELISO/ KOFAR JAURO YELISO","EXISTING PU"
"ADAMAWA","FUFORE","TOUNGO III","010","KASUWAN LAHDI PRI SCH","NEW PU"
"ADAMAWA","FUFORE","TOUNGO III","011","LABBARE","NEW PU"
"ADAMAWA","FUFORE","TOUNGO III","012","GANGZAMANU HEALTH POST","NEW PU"
"ADAMAWA","FUFORE","TOUNGO III","013","DAKUM PRI. SCH","NEW PU"
"ADAMAWA","GANYE","ALKALAWA","001","ALKALI MOKOLO / 81 KURMI ROAD","EXISTING PU"
"ADAMAWA","GANYE","ALKALAWA","002","ALHAJI MUSA / 100 MAJALISA ROAD","EXISTING PU"
"ADAMAWA","GANYE","ALKALAWA","003","BABA SALMA / NO 6 MOKOLO CLOSE","EXISTING PU"
"ADAMAWA","GANYE","ALKALAWA","004","BOBBOI WANZAM  / NO 7 NEPA ROAD","EXISTING PU"
"ADAMAWA","GANYE","ALKALAWA","005","GRA PRI. SCH.  INFRONT OF H/M'S OFFICE","EXISTING PU"
"ADAMAWA","GANYE","ALKALAWA","006","GRA PRI. SCH.  INFRONT OF CLASS II","EXISTING PU"
"ADAMAWA","GANYE","ALKALAWA","007","GRA PRI. SCH.  INFRONT OF CLASS VI","EXISTING PU"
"ADAMAWA","GANYE","ALKALAWA","008","GRA PRI. SCH.  INFRONT OF CLASS IVB","EXISTING PU"
"ADAMAWA","GANYE","ALKALAWA","009","ISA RUMINGO / 22 GANYE ST","EXISTING PU"
"ADAMAWA","GANYE","ALKALAWA","010","KOFAR MA'AJI / 16 MAALISA RD","EXISTING PU"
"ADAMAWA","GANYE","ALKALAWA","011","KOFAR MOH'D KIRI / 48 KURMI RD.","EXISTING PU"
"ADAMAWA","GANYE","ALKALAWA","012","KOFAR MOH'D ZUBAIRU / 79 NEPA RD.","EXISTING PU"
"ADAMAWA","GANYE","ALKALAWA","013","KOFAR JAMA'A / 25 IBADAN ST.","EXISTING PU"
"ADAMAWA","GANYE","ALKALAWA","014","KOFAR SARKIN TASHA / 7 TARABA ST.","EXISTING PU"
"ADAMAWA","GANYE","ALKALAWA","015","KOFAR SULEIMAN S/KASUWA - 46 TAFIDA RD","EXISTING PU"
"ADAMAWA","GANYE","ALKALAWA","016","KOFAR  SIDDIKI / 35 GANYE STREET","EXISTING PU"
"ADAMAWA","GANYE","ALKALAWA","017","NEAR NIGER INSURANCE OFFICE","NEW PU"
"ADAMAWA","GANYE","ALKALAWA","018","INSIDE CBDA OFFICE","NEW PU"
"ADAMAWA","GANYE","ALKALAWA","019","53 KURMI ROAD","NEW PU"
"ADAMAWA","GANYE","ALKALAWA","020","G.R.A PRI. SCH. IN FRONT CLASS I","NEW PU"
"ADAMAWA","GANYE","ALKALAWA","021","G.R.A PRI. SCHOOL","NEW PU"
"ADAMAWA","GANYE","ALKALAWA","022","G.R.A PRI. SCHOOL","NEW PU"
"ADAMAWA","GANYE","ALKALAWA","023","G.R.A PRI. SCHOOL INF. CLASS II","NEW PU"
"ADAMAWA","GANYE","ALKALAWA","024","KOFAR MOHD ZUBAIRU II","NEW PU"
"ADAMAWA","GANYE","ALKALAWA","025","NEAR ADDA MAYINE GANYE STREET","NEW PU"
"ADAMAWA","GANYE","ALKALAWA","026","NEAR CHUSAL BORE HOLE","NEW PU"
"ADAMAWA","GANYE","ALKALAWA","027","NEAR GIDAN GONA PLAZA","NEW PU"
"ADAMAWA","GANYE","ALKALAWA","028","BEHIND DOWN TOWN RESTAURANT","NEW PU"
"ADAMAWA","GANYE","ALKALAWA","029","BEHIND YEDC","NEW PU"
"ADAMAWA","GANYE","ALKALAWA","030","TAFIDA ROAD JUNCTION","NEW PU"
"ADAMAWA","GANYE","ALKALAWA","031","34 MAJALISA RD NEAR BORE HOLE","NEW PU"
"ADAMAWA","GANYE","AJIYA","001","ALH. BUBA JALO / 5 ABEOKUTA ST","EXISTING PU"
"ADAMAWA","GANYE","AJIYA","002","ALH. JALO / NO 2  JEN CLOSE","EXISTING PU"
"ADAMAWA","GANYE","AJIYA","003","AJIYA CLINIC OPP. AJIYA  CLINIC","EXISTING PU"
"ADAMAWA","GANYE","AJIYA","004","BUBAKARI MAIGARI / 1,KADUNA ST.","EXISTING PU"
"ADAMAWA","GANYE","AJIYA","005","CENTRAL PRI. SCH. /CENTRAL PRI. SCH. I","EXISTING PU"
"ADAMAWA","GANYE","AJIYA","006","CENTRAL PRI. SCH. /CENTRAL PRI. SCH. II","EXISTING PU"
"ADAMAWA","GANYE","AJIYA","007","CENTRAL PRI. SCH. /CENTRAL PRI. SCH. III","EXISTING PU"
"ADAMAWA","GANYE","AJIYA","008","CENTRAL PRI. SCH. /CENTRAL PRI. SCH. IV","EXISTING PU"
"ADAMAWA","GANYE","AJIYA","009","CENTRAL PRI. SCH. /CENTRAL PRI. SCH. V","EXISTING PU"
"ADAMAWA","GANYE","AJIYA","010","KOFAR GANA / NO 9 NDAFORO ST.","EXISTING PU"
"ADAMAWA","GANYE","AJIYA","011","KOFAR NABARA / 120 NEPA RD.","EXISTING PU"
"ADAMAWA","GANYE","AJIYA","012","OPP. CP'S HOUSE / 14 IBRAHIM ATTAH RD.","EXISTING PU"
"ADAMAWA","GANYE","AJIYA","013","NEAR OLD PRISON","NEW PU"
"ADAMAWA","GANYE","AJIYA","014","CENTRAL PRI. SCHOOL VI","NEW PU"
"ADAMAWA","GANYE","AJIYA","015","14 IBRAHIM ATTA RD CPS HOUSE II","NEW PU"
"ADAMAWA","GANYE","DOUBELI","001","BENIN ST. / NO 16 BENIN ST","EXISTING PU"
"ADAMAWA","GANYE","DOUBELI","002","CAPITAL SCH. / CAPITAL SCH. I","EXISTING PU"
"ADAMAWA","GANYE","DOUBELI","003","CAPITAL SCH. / CAPITAL SCH. II","EXISTING PU"
"ADAMAWA","GANYE","DOUBELI","004","CAPITAL SCH. / CAPITAL SCH. III","EXISTING PU"
"ADAMAWA","GANYE","DOUBELI","005","CAPITAL SCH. / CAPITAL SCH. IV","EXISTING PU"
"ADAMAWA","GANYE","DOUBELI","006","CAPITAL SCH. / CAPITAL SCH. V","EXISTING PU"
"ADAMAWA","GANYE","DOUBELI","007","DEMSAWO PRI. SCH. / DEMSAWO PRI. SCH. I","EXISTING PU"
"ADAMAWA","GANYE","DOUBELI","008","DEMSAWO PRI. SCH. / DEMSAWO PRI. SCH. II","EXISTING PU"
"ADAMAWA","GANYE","DOUBELI","009","DEMSAWO PRI. SCH. / DEMSAWO PRI. SCH. III","EXISTING PU"
"ADAMAWA","GANYE","DOUBELI","010","DEMSAWO PRI. SCH. / DEMSAWO PRI. SCH. IV","EXISTING PU"
"ADAMAWA","GANYE","DOUBELI","011","DOUBELI GDSS / DOUBELI GDSS I","EXISTING PU"
"ADAMAWA","GANYE","DOUBELI","012","DOUBELI GDSS / DOUBELI GDSS II","EXISTING PU"
"ADAMAWA","GANYE","DOUBELI","013","DOUBELI GDSS / DOUBELI GDSS III","EXISTING PU"
"ADAMAWA","GANYE","DOUBELI","014","GANIYU ALH. / 14 DEMSAWO ST.","EXISTING PU"
"ADAMAWA","GANYE","DOUBELI","015","GINDIN GORUBA / 127 BYE - PASS","EXISTING PU"
"ADAMAWA","GANYE","DOUBELI","016","JALO ALH. / NO 50, GERIYO ST.","EXISTING PU"
"ADAMAWA","GANYE","DOUBELI","017","MAIUNGUWA MOH'D / 5 WARWAR ST.","EXISTING PU"
"ADAMAWA","GANYE","DOUBELI","018","MOHAMMED SHUWA / OPP GERIYO ST.","EXISTING PU"
"ADAMAWA","GANYE","DOUBELI","019","MUSA GOBE / 3 BENIN STREET","EXISTING PU"
"ADAMAWA","GANYE","DOUBELI","020","MUSA KARIM LAMIDO / 5 KARIM ST.","EXISTING PU"
"ADAMAWA","GANYE","DOUBELI","021","MIJINYAWA  YUGUDA / OPP CATTLE MKT","EXISTING PU"
"ADAMAWA","GANYE","DOUBELI","022","SANSANI / OFF MAMBILA  ST.","EXISTING PU"
"ADAMAWA","GANYE","DOUBELI","023","CAPITAL SCHOOL VI","NEW PU"
"ADAMAWA","GANYE","DOUBELI","024","CAPITAL SCHOOL VII","NEW PU"
"ADAMAWA","GANYE","DOUBELI","025","CAPITAL SCHOOL VIII","NEW PU"
"ADAMAWA","GANYE","DOUBELI","026","CAPITAL SCHOOL IX","NEW PU"
"ADAMAWA","GANYE","DOUBELI","027","CAPITAL SCHOOL X","NEW PU"
"ADAMAWA","GANYE","DOUBELI","028","CAPITAL SCHOOL XI","NEW PU"
"ADAMAWA","GANYE","DOUBELI","029","CAPITAL SCHOOL XVII","NEW PU"
"ADAMAWA","GANYE","DOUBELI","030","CAPITAL SCHOOL XIII","NEW PU"
"ADAMAWA","GANYE","DOUBELI","031","CAPITAL SCHOOL XIV","NEW PU"
"ADAMAWA","GANYE","DOUBELI","032","CAPITAL SCHOOL XV","NEW PU"
"ADAMAWA","GANYE","DOUBELI","033","CAPITAL SCHOOL XVI","NEW PU"
"ADAMAWA","GANYE","DOUBELI","034","CAPITAL SCHOOL XVII","NEW PU"
"ADAMAWA","GANYE","DOUBELI","035","CAPITAL SCHOOL XVII","NEW PU"
"ADAMAWA","GANYE","DOUBELI","036","CATTLE MARKET I","NEW PU"
"ADAMAWA","GANYE","DOUBELI","037","CATTLE MARKET II","NEW PU"
"ADAMAWA","GANYE","DOUBELI","038","G.B.B.S.S DEMSAWO III","NEW PU"
"ADAMAWA","GANYE","DOUBELI","039","GBSS DEMSAWO I","NEW PU"
"ADAMAWA","GANYE","DOUBELI","040","GBSS DEMSAWO II","NEW PU"
"ADAMAWA","GANYE","DOUBELI","041","HANNATU NGILARI HEALTH CENTRE","NEW PU"
"ADAMAWA","GANYE","DOUBELI","042","DEMSAWO PRIMARY SCH. V","NEW PU"
"ADAMAWA","GANYE","DOUBELI","043","DEMSAWO PRIMARY SCH. VI","NEW PU"
"ADAMAWA","GANYE","DOUBELI","044","DEMSAWO PRI. SCH. VII","NEW PU"
"ADAMAWA","GANYE","DOUBELI","045","DEMSAWO PRI. SCH. VIII","NEW PU"
"ADAMAWA","GANYE","DOUBELI","046","DEMSAWO PRIMARY SCHOOL","NEW PU"
"ADAMAWA","GANYE","DOUBELI","047","DEMSAWO PRIMARY SCHOOL","NEW PU"
"ADAMAWA","GANYE","DOUBELI","048","GDSS DOUBELI IV","NEW PU"
"ADAMAWA","GANYE","DOUBELI","049","GDSS DOUBELI V","NEW PU"
"ADAMAWA","GANYE","DOUBELI","050","GDSS DOUBELI VI","NEW PU"
"ADAMAWA","GANYE","DOUBELI","051","GDSS DOUBELI VII","NEW PU"
"ADAMAWA","GANYE","DOUBELI","052","GDSS DOUBELI VIII","NEW PU"
"ADAMAWA","GANYE","DOUBELI","053","GDSS DOUBELI IX","NEW PU"
"ADAMAWA","GANYE","DOUBELI","054","MULMULA PRIMARY SCHOOL I","NEW PU"
"ADAMAWA","GANYE","DOUBELI","055","MULMULA PRIMARY SCHOOL II","NEW PU"
"ADAMAWA","GANYE","DOUBELI","056","JALO ALH I","NEW PU"
"ADAMAWA","GANYE","DOUBELI","057","SANSANI I","NEW PU"
"ADAMAWA","GANYE","DOUBELI","058","BORE HOLE, KARIM LAMIDO STR.","NEW PU"
"ADAMAWA","GANYE","DOUBELI","059","RICE PROCESSING MILL","NEW PU"
"ADAMAWA","GANYE","GWADABAWA","001","COMMAND PRI. SCH. / COMMAND PRI. SCH.","EXISTING PU"
"ADAMAWA","GANYE","GWADABAWA","002","GHALI MU'AZU/ 95 TAFIDA RD","EXISTING PU"
"ADAMAWA","GANYE","GWADABAWA","003","GWADABAWA PRI. SCH. / GWADABAWA PRI. SCH. I","EXISTING PU"
"ADAMAWA","GANYE","GWADABAWA","004","GWADABAWA PRI. SCH. / GWADABAWA PRI. SCH. II","EXISTING PU"
"ADAMAWA","GANYE","GWADABAWA","005","GWADABAWA PRI. SCH. / GWADABAWA PRI. SCH. III","EXISTING PU"
"ADAMAWA","GANYE","GWADABAWA","006","GWADABAWA PRI. SCH. / GWADABAWA PRI. SCH. IV","EXISTING PU"
"ADAMAWA","GANYE","GWADABAWA","007","MAJALISA PRI SCH. / MAJALISA PRI. SCH. I","EXISTING PU"
"ADAMAWA","GANYE","GWADABAWA","008","MAJALISA PRI SCH. / MAJALISA PRI. SCH. II","EXISTING PU"
"ADAMAWA","GANYE","GWADABAWA","009","NEW GOVT. HOUSE  / OPP MAIN GATE","EXISTING PU"
"ADAMAWA","GANYE","GWADABAWA","010","NEW GOVT. HOUSE  / G.G.S.S. MAIN GATE","EXISTING PU"
"ADAMAWA","GANYE","GWADABAWA","011","NEW GOVT. HOUSE / NEAR POLICE POST I","EXISTING PU"
"ADAMAWA","GANYE","GWADABAWA","012","NEW GOVT. HOUSE / NEAR POLICE POST II","EXISTING PU"
"ADAMAWA","GANYE","GWADABAWA","013","NEW FCE STAFF SCH. / STAFF SCHOOL","EXISTING PU"
"ADAMAWA","GANYE","GWADABAWA","014","OLD GOVT. HOUSE / OPP MAIN GATE","EXISTING PU"
"ADAMAWA","GANYE","GWADABAWA","015","OLD GOVT. HOUSE / BEHIND RIBADU SQUARE","EXISTING PU"
"ADAMAWA","GANYE","GWADABAWA","016","UNITS OF 80 HOUSES / OPP NDLEA","EXISTING PU"
"ADAMAWA","GANYE","GWADABAWA","017","YOLA CLUB / NO 1 ADAMAWA RD.","EXISTING PU"
"ADAMAWA","GANYE","GWADABAWA","018","WEEIN RESOURCE CENTER","NEW PU"
"ADAMAWA","GANYE","GWADABAWA","019","F.C.E MAIN GATE","NEW PU"
"ADAMAWA","GANYE","GWADABAWA","020","DOUGIREI MODEL ACADEMY","NEW PU"
"ADAMAWA","GANYE","GWADABAWA","021","DOUGIREI PRIMARY HEALTH CENTRE","NEW PU"
"ADAMAWA","GANYE","GWADABAWA","022","TARABA STATE LIASON OFFICE GATE","NEW PU"
"ADAMAWA","GANYE","GWADABAWA","023","DOUGIREI PRIMARY SCHOOL","NEW PU"
"ADAMAWA","GANYE","GWADABAWA","024","GGSS COMPOUND","NEW PU"
"ADAMAWA","GANYE","GWADABAWA","025","DOUGIREI PRIMARY SCHOOL II","NEW PU"
"ADAMAWA","GANYE","GWADABAWA","026","NEAR COMMAND CHILDREN PRI SCH","NEW PU"
"ADAMAWA","GANYE","GWADABAWA","027","RIBADU SQUARE","NEW PU"
"ADAMAWA","GANYE","GWADABAWA","028","NUJ PRESS CENTRE","NEW PU"
"ADAMAWA","GANYE","GWADABAWA","029","ADAMAWA STATE LOCAL GOV'T SERVICE COMMISSION GATE","NEW PU"
"ADAMAWA","GANYE","GWADABAWA","030","GWADABAWA PRI. SCHOOL V","NEW PU"
"ADAMAWA","GANYE","GWADABAWA","031","GWADABAWA PRIMARY SCHOOL","NEW PU"
"ADAMAWA","GANYE","GWADABAWA","032","MAJALISA PRI. SCHOOL III","NEW PU"
"ADAMAWA","GANYE","JAMBUTU","001","DAMILU PRI. SCH.  / DAMILU PRI. SCH. I","EXISTING PU"
"ADAMAWA","GANYE","JAMBUTU","002","DAMILU PRI. SCH.  / DAMILU PRI. SCH. II","EXISTING PU"
"ADAMAWA","GANYE","JAMBUTU","003","JAMBUTU PRI. SCH. / JAMBUTU PRI. SCH I.","EXISTING PU"
"ADAMAWA","GANYE","JAMBUTU","004","JAMBUTU PRI. SCH. / JAMBUTU PRI. SCH II.","EXISTING PU"
"ADAMAWA","GANYE","JAMBUTU","005","KOFAR AUDU DAMILU/ KOFAR JAURO","EXISTING PU"
"ADAMAWA","GANYE","JAMBUTU","006","KOFAR JAURO AUDU MAIWADA","EXISTING PU"
"ADAMAWA","GANYE","JAMBUTU","007","KOFAR HAMZA/ NO 166 JAMBUTU","EXISTING PU"
"ADAMAWA","GANYE","JAMBUTU","008","KOFAR JAURO JAMBUTU/ KOFAR JAURO","EXISTING PU"
"ADAMAWA","GANYE","JAMBUTU","009","KOFAR J/NYOKERE/KOFAR/ NYOKERE","EXISTING PU"
"ADAMAWA","GANYE","JAMBUTU","010","KOFAR YERIMA/OPP JAMBUTU ESTATE","EXISTING PU"
"ADAMAWA","GANYE","JAMBUTU","011","DAMILU PRIMARY SCHOOL III","NEW PU"
"ADAMAWA","GANYE","JAMBUTU","012","DAMILU PRIMARY SCHOOL IV","NEW PU"
"ADAMAWA","GANYE","JAMBUTU","013","DAMILU PRIMARY SCHOOL V","NEW PU"
"ADAMAWA","GANYE","JAMBUTU","014","DAMILU PRIMARY SCHOOL VI","NEW PU"
"ADAMAWA","GANYE","JAMBUTU","015","DAMILU PRIMARY SCHOOL VII","NEW PU"
"ADAMAWA","GANYE","JAMBUTU","016","DAMILU PRIMARY SCHOOL VIII","NEW PU"
"ADAMAWA","GANYE","JAMBUTU","017","DAMILU PRIMARY SCHOOL IX","NEW PU"
"ADAMAWA","GANYE","JAMBUTU","018","DAMILU PRIMARY SCHOOL X","NEW PU"
"ADAMAWA","GANYE","JAMBUTU","019","DAMILU PRIMARY SCHOOL XI","NEW PU"
"ADAMAWA","GANYE","JAMBUTU","020","DAMILU PRIMARY SCHOOL XII","NEW PU"
"ADAMAWA","GANYE","JAMBUTU","021","DAMILU PRIMARY SCHOOL XIII","NEW PU"
"ADAMAWA","GANYE","JAMBUTU","022","DAMILU PRIMARY SCHOOL XIV","NEW PU"
"ADAMAWA","GANYE","JAMBUTU","023","DAMILU PRIMARY SCHOOL XV","NEW PU"
"ADAMAWA","GANYE","JAMBUTU","024","DAMILU HEALTH CENTER","NEW PU"
"ADAMAWA","GANYE","JAMBUTU","025","JAMBUTU PRIMARY SCHOOL III","NEW PU"
"ADAMAWA","GANYE","JAMBUTU","026","JAMBUTU PRIMARY SCHOOL IV","NEW PU"
"ADAMAWA","GANYE","JAMBUTU","027","JAMBUTU PRIMARY SCHOOL V","NEW PU"
"ADAMAWA","GANYE","JAMBUTU","028","JAMBUTU PRIMARY SCHOOL VI","NEW PU"
"ADAMAWA","GANYE","JAMBUTU","029","JAMBUTU PRIMARY SCHOOL VII","NEW PU"
"ADAMAWA","GANYE","JAMBUTU","030","JAMBUTU PRIMARY SCHOOL VIII","NEW PU"
"ADAMAWA","GANYE","JAMBUTU","031","JAMBUTU PRIMARY SCHOOL IX","NEW PU"
"ADAMAWA","GANYE","JAMBUTU","032","JAMBUTU PRIMARY SCHOOL X","NEW PU"
"ADAMAWA","GANYE","JAMBUTU","033","JAMBUTU PRIMARY SCHOOL XI","NEW PU"
"ADAMAWA","GANYE","JAMBUTU","034","NYAKORE MARKET I","NEW PU"
"ADAMAWA","GANYE","JAMBUTU","035","NYAKORE MARKET II","NEW PU"
"ADAMAWA","GANYE","JAMBUTU","036","NYAKORE MARKET III","NEW PU"
"ADAMAWA","GANYE","JAMBUTU","037","NYAKORE MARKET IV","NEW PU"
"ADAMAWA","GANYE","JAMBUTU","038","NYAKORE MARKET V","NEW PU"
"ADAMAWA","GANYE","JAMBUTU","039","JAMBUTU STATE POLYTECHNIC I","NEW PU"
"ADAMAWA","GANYE","JAMBUTU","040","JAMBUTU STATE POLYTECHNIC II","NEW PU"
"ADAMAWA","GANYE","JAMBUTU","041","BESIDE JAMBUTU POLICE STATION","NEW PU"
"ADAMAWA","GANYE","JAMBUTU","042","JAMBUTU BORE HOLE","NEW PU"
"ADAMAWA","GANYE","JAMBUTU","043","VETERINARY CLINIC JAMBUTU I","NEW PU"
"ADAMAWA","GANYE","JAMBUTU","044","VETERINARY CLINIC JAMBUTU II","NEW PU"
"ADAMAWA","GANYE","JAMBUTU","045","BORE HOLE BESIDE NURUL ISLAM I","NEW PU"
"ADAMAWA","GANYE","JAMBUTU","046","BORE HOLE BESIDE NURUL ISLAM II","NEW PU"
"ADAMAWA","GANYE","JAMBUTU","047","BINANI PUBLIC BORE HOLE I","NEW PU"
"ADAMAWA","GANYE","JAMBUTU","048","BINANI PUBLIC BORE HOLE II","NEW PU"
"ADAMAWA","GANYE","KAREWA","001","BACHURE/ KOFAR JAURO BACHURE I","EXISTING PU"
"ADAMAWA","GANYE","KAREWA","002","BACHURE/ KOFAR JAURO BACHURE II","EXISTING PU"
"ADAMAWA","GANYE","KAREWA","003","BEKAJI PRI. SCH I","EXISTING PU"
"ADAMAWA","GANYE","KAREWA","004","BEKAJI PRI. SCH. II","EXISTING PU"
"ADAMAWA","GANYE","KAREWA","005","GDSS (ARMY) STAFF QTRS. I","EXISTING PU"
"ADAMAWA","GANYE","KAREWA","006","GDSS (ARMY) STAFF QTRS. II","EXISTING PU"
"ADAMAWA","GANYE","KAREWA","007","GDSS (ARMY) STAFF QTRS. III","EXISTING PU"
"ADAMAWA","GANYE","KAREWA","008","GDSS (ARMY) STAFF QTRS. IV","EXISTING PU"
"ADAMAWA","GANYE","KAREWA","009","KAREWA GDSS I","EXISTING PU"
"ADAMAWA","GANYE","KAREWA","010","KAREWA GDSS II","EXISTING PU"
"ADAMAWA","GANYE","KAREWA","011","KAREWA PRI. SCH. I","EXISTING PU"
"ADAMAWA","GANYE","KAREWA","012","KAREWA PRI. SCH. II","EXISTING PU"
"ADAMAWA","GANYE","KAREWA","013","KOFARE/ KOFAR JAURO KOFARE","EXISTING PU"
"ADAMAWA","GANYE","KAREWA","014","MALAMRE MARKET","EXISTING PU"
"ADAMAWA","GANYE","KAREWA","015","MALAMRE QTRS/ KOFAR SULEIMAN WAPANDA","EXISTING PU"
"ADAMAWA","GANYE","KAREWA","016","NYIBANGO/ KOFAR JAURO NYIBANGO","EXISTING PU"
"ADAMAWA","GANYE","KAREWA","017","STATE POLY I","EXISTING PU"
"ADAMAWA","GANYE","KAREWA","018","STATE POLY II","EXISTING PU"
"ADAMAWA","GANYE","KAREWA","019","STATE POLY III","EXISTING PU"
"ADAMAWA","GANYE","KAREWA","020","BACHURE PRIMARY SCHOOL I","NEW PU"
"ADAMAWA","GANYE","KAREWA","021","BACHURE PRIMARY SCHOOL II","NEW PU"
"ADAMAWA","GANYE","KAREWA","022","BACHURE PRIMARY SCHOOL III","NEW PU"
"ADAMAWA","GANYE","KAREWA","023","BACHURE PRIMARY SCHOOL IV","NEW PU"
"ADAMAWA","GANYE","KAREWA","024","BACHURE PRIMARY SCHOOL V","NEW PU"
"ADAMAWA","GANYE","KAREWA","025","BACHURE PRIMARY SCHOOL VI","NEW PU"
"ADAMAWA","GANYE","KAREWA","026","BACHURE SKILLS ACQUISITION CENTRE","NEW PU"
"ADAMAWA","GANYE","KAREWA","027","NVRI KOFARE I","NEW PU"
"ADAMAWA","GANYE","KAREWA","028","NVRI KOFARE II","NEW PU"
"ADAMAWA","GANYE","KAREWA","029","AGRIC STORE","NEW PU"
"ADAMAWA","GANYE","KAREWA","030","ICPC GATE BACHURE","NEW PU"
"ADAMAWA","GANYE","KAREWA","031","KOFARE PRIMARY SCHOOL I","NEW PU"
"ADAMAWA","GANYE","KAREWA","032","KOFARE PRIMARY SCHOOL II","NEW PU"
"ADAMAWA","GANYE","KAREWA","033","NEAR ROYAL HOSPITAL","NEW PU"
"ADAMAWA","GANYE","KAREWA","034","FAAN PRIMARY SCHOOL","NEW PU"
"ADAMAWA","GANYE","KAREWA","035","BEKAJI PRIMARY SCHOOL III","NEW PU"
"ADAMAWA","GANYE","KAREWA","036","BEKAJI PRIMARY SCHOOL IV","NEW PU"
"ADAMAWA","GANYE","KAREWA","037","BEKAJI PRIMARY SCHOOL V","NEW PU"
"ADAMAWA","GANYE","KAREWA","038","STATE POLY IV","NEW PU"
"ADAMAWA","GANYE","KAREWA","039","STATE POLY V","NEW PU"
"ADAMAWA","GANYE","KAREWA","040","STATE POLY VI","NEW PU"
"ADAMAWA","GANYE","KAREWA","041","STATE POLY VII","NEW PU"
"ADAMAWA","GANYE","KAREWA","042","KAREWA GDSS III","NEW PU"
"ADAMAWA","GANYE","KAREWA","043","KAREWA GDSS IV","NEW PU"
"ADAMAWA","GANYE","KAREWA","044","AIRFORCE OFFICER'S QUARTERS KAREWA (FAAN)","NEW PU"
"ADAMAWA","GANYE","KAREWA","045","BEHIND GMMC (RAMAT)","NEW PU"
"ADAMAWA","GANYE","KAREWA","046","CHILDREN'S HOME PRIMARY SCH.","NEW PU"
"ADAMAWA","GANYE","KAREWA","047","NALDA OFFICE MASAKARE","NEW PU"
"ADAMAWA","GANYE","KAREWA","048","NOUN STUDY CENTER","NEW PU"
"ADAMAWA","GANYE","KAREWA","049","NYIBANGO PRIMARY SCHOOL I","NEW PU"
"ADAMAWA","GANYE","KAREWA","050","NYIBANGO PRIMARY SCHOOL II","NEW PU"
"ADAMAWA","GANYE","KAREWA","051","GDSS ARMY STAFF QUARTERS IV","NEW PU"
"ADAMAWA","GANYE","KAREWA","052","GDSS ARMY STAFF QUARTERS V","NEW PU"
"ADAMAWA","GANYE","KAREWA","053","GDSS ARMY STAFF QUARTERS VI","NEW PU"
"ADAMAWA","GANYE","KAREWA","054","GDSS ARMY STAFF QUARTERS VII","NEW PU"
"ADAMAWA","GANYE","KAREWA","055","GDSS ARMY STAFF QUARTERS VIII","NEW PU"
"ADAMAWA","GANYE","KAREWA","056","DURAGI HOTEL JUNCTION (OPEN SPACE)","NEW PU"
"ADAMAWA","GANYE","KAREWA","057","ADAMAWA STATE AGENCY FOR MASS EDU. CENTRE FOR ADULT & HOME ECONOMICS MULTI PURPOSE CENTRE MALAMRE","NEW PU"
"ADAMAWA","GANYE","KAREWA","058","MALAMRE MARKET I","NEW PU"
"ADAMAWA","GANYE","KAREWA","059","MALAMRE HEALTH CLINIC","NEW PU"
"ADAMAWA","GANYE","KAREWA","060","KAREWA PRIMARY SCHOOL I","NEW PU"
"ADAMAWA","GANYE","LIMAWA","001","ALH GARBA/ 50 ZANGO ST.","EXISTING PU"
"ADAMAWA","GANYE","LIMAWA","002","BUBA MANDA/ 46 ZANGO ST.","EXISTING PU"
"ADAMAWA","GANYE","LIMAWA","003","DASIN MAI RIGA","EXISTING PU"
"ADAMAWA","GANYE","LIMAWA","004","ISA ISAWA/ 31 S/WUTA ST.","EXISTING PU"
"ADAMAWA","GANYE","LIMAWA","005","JAURO HAIRU/ OFF M/BELWA ST.","EXISTING PU"
"ADAMAWA","GANYE","LIMAWA","006","KOFAR ALH. ABDULRAHMAN/ OFF MAYANKA ST.","EXISTING PU"
"ADAMAWA","GANYE","LIMAWA","007","KOFAR AUDU MAIYADI/ OFF M/BELWA ST.","EXISTING PU"
"ADAMAWA","GANYE","LIMAWA","008","PARIS HAMMANJODA/ 217 M/MUSTAPHA","EXISTING PU"
"ADAMAWA","GANYE","LIMAWA","009","SABO B. DAKO/ 22 YELWA ST.","EXISTING PU"
"ADAMAWA","GANYE","LIMAWA","010","SANI RABO/ 25 YELWA ST.","EXISTING PU"
"ADAMAWA","GANYE","LIMAWA","011","SUNUNNU/ 1 MAYANKA ST.","EXISTING PU"
"ADAMAWA","GANYE","LIMAWA","012","ZANGO RD/ 90 ZANGO RD","EXISTING PU"
"ADAMAWA","GANYE","LIMAWA","013","ZANGO RD/ 50 ZANGO RD I","EXISTING PU"
"ADAMAWA","GANYE","LIMAWA","014","ZANGO RD/ 50 ZANGO RD II","EXISTING PU"
"ADAMAWA","GANYE","LIMAWA","015","LIMAWA PRIMARY SCHOOL I","NEW PU"
"ADAMAWA","GANYE","LIMAWA","016","LIMAWA PRIMARY SCHOOL II","NEW PU"
"ADAMAWA","GANYE","LIMAWA","017","LIMAWA PRIMARY SCHOOL III","NEW PU"
"ADAMAWA","GANYE","LIMAWA","018","LIMAWA PRIMARY SCHOOL IV","NEW PU"
"ADAMAWA","GANYE","LIMAWA","019","ZANGO STREET III NEAR KOFAN MALAM BABA","NEW PU"
"ADAMAWA","GANYE","LIMAWA","020","ZANGO STREET IV","NEW PU"
"ADAMAWA","GANYE","LIMAWA","021","KOFAR MAMMAN INDIA JUNCTION","NEW PU"
"ADAMAWA","GANYE","LIMAWA","022","OFF. ZANGO ROAD NEW MAST","NEW PU"
"ADAMAWA","GANYE","LIMAWA","023","1, OLD MAYANKA STREET","NEW PU"
"ADAMAWA","GANYE","LIMAWA","024","MAYANKA STREET","NEW PU"
"ADAMAWA","GANYE","LIMAWA","025","OPPOSITE ZAITUNE CLINIC","NEW PU"
"ADAMAWA","GANYE","LIMAWA","026","NEAR 227, MUH'D MUSTAPHA WAY","NEW PU"
"ADAMAWA","GANYE","LUGGERE","001","DIWAKI/ NO.6 GIMBA RD","EXISTING PU"
"ADAMAWA","GANYE","LUGGERE","002","KADIRI TELA/ 37 CATHOLIC ST.","EXISTING PU"
"ADAMAWA","GANYE","LUGGERE","003","LUGGERE PRI. SCH. I","EXISTING PU"
"ADAMAWA","GANYE","LUGGERE","004","LUGGERE PRI. SCH. II","EXISTING PU"
"ADAMAWA","GANYE","LUGGERE","005","LUGGERE PRI. SCH III","EXISTING PU"
"ADAMAWA","GANYE","LUGGERE","006","LUGGERE PRI. SCH. IV","EXISTING PU"
"ADAMAWA","GANYE","LUGGERE","007","LUGGERE PRI. SCH. V","EXISTING PU"
"ADAMAWA","GANYE","LUGGERE","008","M. MADU/ 21 OWERRI ST.","EXISTING PU"
"ADAMAWA","GANYE","LUGGERE","009","MAIUNGUWA MUSA/ 60 B. HUNGUSHI RD","EXISTING PU"
"ADAMAWA","GANYE","LUGGERE","010","MANU GAMJI/ 54 BISHOP ST.","EXISTING PU"
"ADAMAWA","GANYE","LUGGERE","011","MALLAM H. DAMPAH/ OFF BISHOP ST.","EXISTING PU"
"ADAMAWA","GANYE","LUGGERE","012","MADALLA CHEMIST/ 14 BISHOP ST.","EXISTING PU"
"ADAMAWA","GANYE","LUGGERE","013","YAHYA MODA/ 23 MURI ST.","EXISTING PU"
"ADAMAWA","GANYE","LUGGERE","014","YAHYA TELA/ 28 BISHOP ST.","EXISTING PU"
"ADAMAWA","GANYE","LUGGERE","015","LUGGERE BAKI PUBLIC BORE HOLE","NEW PU"
"ADAMAWA","GANYE","LUGGERE","016","PUBLIC BORE HOLE MURI STREET I","NEW PU"
"ADAMAWA","GANYE","LUGGERE","017","PUBLIC BORE HOLE II MURI STREET","NEW PU"
"ADAMAWA","GANYE","LUGGERE","018","ADAMAWA STATE URBAN PLANNING","NEW PU"
"ADAMAWA","GANYE","LUGGERE","019","PHC YOLA NORTH DEV. CENTRAL AREA I","NEW PU"
"ADAMAWA","GANYE","LUGGERE","020","PHC YOLA NORTH DEV. CENTRAL AREA II","NEW PU"
"ADAMAWA","GANYE","LUGGERE","021","PHC YOLA NORTH DEV. CENTRAL AREA III","NEW PU"
"ADAMAWA","GANYE","LUGGERE","022","LUGGERE PRIMARY SCHOOL VI","NEW PU"
"ADAMAWA","GANYE","LUGGERE","023","LUGGERE PRIMARY SCHOOL VII","NEW PU"
"ADAMAWA","GANYE","LUGGERE","024","LUGGERE PRIMARY SCHOOL VIII","NEW PU"
"ADAMAWA","GANYE","LUGGERE","025","LUGGERE PRIMARY SCHOOL IX","NEW PU"
"ADAMAWA","GANYE","LUGGERE","026","TAMINUS PUBLIC BORE HOLE I","NEW PU"
"ADAMAWA","GANYE","LUGGERE","027","TAMINUS PUBLIC BORE HOLE II","NEW PU"
"ADAMAWA","GANYE","LUGGERE","028","HOSPITAL SERVICE MANAGEMENT BOARD","NEW PU"
"ADAMAWA","GANYE","NASSARAWO","001","BALI ST/ 34 BALI ST","EXISTING PU"
"ADAMAWA","GANYE","NASSARAWO","002","BALI ST/ 67 BALI ST","EXISTING PU"
"ADAMAWA","GANYE","NASSARAWO","003","BAUCHI ST./ 24 BAUCHI ST.","EXISTING PU"
"ADAMAWA","GANYE","NASSARAWO","004","BOLE ST./ 49 BOLE ST.","EXISTING PU"
"ADAMAWA","GANYE","NASSARAWO","005","BOLE ST./ KOFAR AUDU MAIGORO","EXISTING PU"
"ADAMAWA","GANYE","NASSARAWO","006","BOLE ST./ KOFAR IDI SAIDU","EXISTING PU"
"ADAMAWA","GANYE","NASSARAWO","007","KALA'A STREET/ KOFAR IDI STATION","EXISTING PU"
"ADAMAWA","GANYE","NASSARAWO","008","KALA'A ST./ KOFAR BOBBO","EXISTING PU"
"ADAMAWA","GANYE","NASSARAWO","009","KOPPI KASUWA/ KASUWAN KOPPI","EXISTING PU"
"ADAMAWA","GANYE","NASSARAWO","010","KOFAR BAKARI/ BEHIND COCA - COLA DEPOT","EXISTING PU"
"ADAMAWA","GANYE","NASSARAWO","011","KOFAR ALH. MALAMI/ 110 BAUCHI ST.","EXISTING PU"
"ADAMAWA","GANYE","NASSARAWO","012","KOFAR MADI/ BEHIND HOSPITAL","EXISTING PU"
"ADAMAWA","GANYE","NASSARAWO","013","KOFAR MUAZU A/ OFF KALA'A ST.","EXISTING PU"
"ADAMAWA","GANYE","NASSARAWO","014","KOMAI ILORIN/ 23 ILORIN ST.","EXISTING PU"
"ADAMAWA","GANYE","NASSARAWO","015","KOFAR HAMMA KANU/ 108 HOSPITAL RD","EXISTING PU"
"ADAMAWA","GANYE","NASSARAWO","016","KOFAR SALE MAI MOLO/ OFF BOLE ST.","EXISTING PU"
"ADAMAWA","GANYE","NASSARAWO","017","KOFAR MAINA/ 14 KARIM ST.","EXISTING PU"
"ADAMAWA","GANYE","NASSARAWO","018","NASSARAWO PRI. SCH.","EXISTING PU"
"ADAMAWA","GANYE","NASSARAWO","019","NASSARAWO PRI. SCH","EXISTING PU"
"ADAMAWA","GANYE","NASSARAWO","020","NASSARAWO PRI. SCH.","EXISTING PU"
"ADAMAWA","GANYE","NASSARAWO","021","YAHAYA ALH./ NO. 104 HOSPITAL RD","EXISTING PU"
"ADAMAWA","GANYE","NASSARAWO","022","YOLA NORTH STADIUM I","NEW PU"
"ADAMAWA","GANYE","NASSARAWO","023","YOLA NORTH STADIUM II","NEW PU"
"ADAMAWA","GANYE","NASSARAWO","024","PHC NASSARAWO","NEW PU"
"ADAMAWA","GANYE","NASSARAWO","025","OPEN SPACE BEHIND SHUIBU MECHANIC","NEW PU"
"ADAMAWA","GANYE","NASSARAWO","026","NASSARAWO PRIMARY SCHOOL I","NEW PU"
"ADAMAWA","GANYE","NASSARAWO","027","NASSARAWO PRIMARY SCHOOL II","NEW PU"
"ADAMAWA","GANYE","NASSARAWO","028","NASSARAWO PRIMARY SCHOOL III","NEW PU"
"ADAMAWA","GANYE","NASSARAWO","029","NASSARAWO PRIMARY SCHOOL IV","NEW PU"
"ADAMAWA","GANYE","NASSARAWO","030","NASSARAWO PRIMARY SCHOOL V","NEW PU"
"ADAMAWA","GANYE","NASSARAWO","031","NASSARAWO PRIMARY SCHOOL VI","NEW PU"
"ADAMAWA","GANYE","NASSARAWO","032","BLIND WORK SHOP NASSARAWO","NEW PU"
"ADAMAWA","GANYE","NASSARAWO","033","PUBLIC BORE HOLE BABA AKWABE","NEW PU"
"ADAMAWA","GANYE","NASSARAWO","034","PUBLIC BORE HOLE LUMO KOPPI","NEW PU"
"ADAMAWA","GANYE","NASSARAWO","035","PUBLIC BORE HOLE TRANSFORMER OKENE","NEW PU"
"ADAMAWA","GANYE","NASSARAWO","036","PUBLIC BORE HOLE BALI STREET","NEW PU"
"ADAMAWA","GANYE","NASSARAWO","037","POLICE OUTPOST NASSARAWO BORE HOLE","NEW PU"
"ADAMAWA","GANYE","NASSARAWO","038","KASHERE PUBLIC BORE HOLE NASSARAWO","NEW PU"
"ADAMAWA","GANYE","NASSARAWO","039","UNGUWAN WURKUM BORE HOLE","NEW PU"
"ADAMAWA","GANYE","NASSARAWO","040","NASSARAWO HOSPITAL ROAD","NEW PU"
"ADAMAWA","GANYE","NASSARAWO","041","ZING HOUSE BORE HOLE NASSARAWO","NEW PU"
"ADAMAWA","GANYE","RUMDE","001","KOFAR ALH. GODA/ 68 TARABA ST.","EXISTING PU"
"ADAMAWA","GANYE","RUMDE","002","KOFAR LIMAN RUMDE/ 33 CHURCH ST.","EXISTING PU"
"ADAMAWA","GANYE","RUMDE","003","KOFAR M. HAMMAWA/ 15 CHURCH ST.","EXISTING PU"
"ADAMAWA","GANYE","RUMDE","004","KOFAR MAI ITACHE/ 67 CHURCH ST.","EXISTING PU"
"ADAMAWA","GANYE","RUMDE","005","KOFAR MAI LAWUJE/ 63 FOMBINA ST.","EXISTING PU"
"ADAMAWA","GANYE","RUMDE","006","KOFAR WAKILI DAHIRU/ 61 FOMBINA ST.","EXISTING PU"
"ADAMAWA","GANYE","RUMDE","007","KOFAR MOH'D DAHIRU (WURO KUTURU)","EXISTING PU"
"ADAMAWA","GANYE","RUMDE","008","RUMDE PRI. SCH. I","EXISTING PU"
"ADAMAWA","GANYE","RUMDE","009","RUMDE PRI. SCH. II","EXISTING PU"
"ADAMAWA","GANYE","RUMDE","010","RUMDE PRI. SCH. III","EXISTING PU"
"ADAMAWA","GANYE","RUMDE","011","PHC RUMDE","NEW PU"
"ADAMAWA","GANYE","RUMDE","012","KOFAR MAI LAWUJE/63 FOMBINA STR I","NEW PU"
"ADAMAWA","GANYE","RUMDE","013","KOFAR WAKILI DAHIRU FOMBINA STR I","NEW PU"
"ADAMAWA","GANYE","RUMDE","014","RUMDE PRIMARY SCHOOL III","NEW PU"
"ADAMAWA","GANYE","RUMDE","015","RUMDE PRIMARY SCHOOL IV","NEW PU"
"ADAMAWA","GANYE","YELWA","001","EMBASSY HOTEL/ MUBI ROAD","EXISTING PU"
"ADAMAWA","GANYE","YELWA","002","KOFAR M. ABUBAKAR/ 9 JIMETA ST.","EXISTING PU"
"ADAMAWA","GANYE","YELWA","003","KOFAR M. BABA/ 17 JIMETA ST.","EXISTING PU"
"ADAMAWA","GANYE","YELWA","004","KOFAR M. FARI/ 18 JIMETA ST.","EXISTING PU"
"ADAMAWA","GANYE","YELWA","005","KOFAR MOH'D GARBA/ BEHIND YELWA PRI. SCH.","EXISTING PU"
"ADAMAWA","GANYE","YELWA","006","KOFAR MUAZU/ 30 JIMETA ST.","EXISTING PU"
"ADAMAWA","GANYE","YELWA","007","YELWA PRI. SCH. I","EXISTING PU"
"ADAMAWA","GANYE","YELWA","008","YELWA PRI. SCH. II","EXISTING PU"
"ADAMAWA","GANYE","YELWA","009","YELWA PRI. SCH. III","EXISTING PU"
"ADAMAWA","GANYE","YELWA","010","YELWA PRI. SCH IV","EXISTING PU"
"ADAMAWA","GANYE","YELWA","011","YELWA PRI. SCH. V","EXISTING PU"
"ADAMAWA","GANYE","YELWA","012","YELWA PRI. SCH. VI","EXISTING PU"
"ADAMAWA","GANYE","YELWA","013","KOFAR M. ABUBAKAR JIMETA STREET II","NEW PU"
"ADAMAWA","GANYE","YELWA","014","22, JIMETA STREET","NEW PU"
"ADAMAWA","GANYE","YELWA","015","NO. 43 AJIYA STREET NEAR PUBLIC BORE HOLE","NEW PU"
"ADAMAWA","GANYE","YELWA","016","TARABA RD JIMETA","NEW PU"
"ADAMAWA","GANYE","YELWA","017","YOLA NORTH LOCAL GOVT SECRE.","NEW PU"
"ADAMAWA","GANYE","YELWA","018","YELWA PRI. SCHOOL VII","NEW PU"
"ADAMAWA","GANYE","YELWA","019","YELWA PRIMARY SCHOOL VIII","NEW PU"
"ADAMAWA","GANYE","YELWA","020","YELWA PRIMARY SCHOOL IX","NEW PU"
"ADAMAWA","GANYE","YELWA","021","YELWA PRIMARY SCH. X","NEW PU"
"ADAMAWA","GANYE","YELWA","022","YELWA PRIMARY SCHOOL XI","NEW PU"
"ADAMAWA","GIRE 1","ADARAWO","001","KOFAR JAURO MANDARARE/ NEAR LAMIDO'S FARM","EXISTING PU"
"ADAMAWA","GIRE 1","ADARAWO","002","KOFAR JAURO MANGA/ NJOBOLIYO ROAD","EXISTING PU"
"ADAMAWA","GIRE 1","ADARAWO","003","KOFAR JAURO WURO CHEKKE/ NEAR U.B.R.B.D.A. YOLA","EXISTING PU"
"ADAMAWA","GIRE 1","ADARAWO","004","KOFAR MAI ANGUWA DAHIRU/ KILANYI ST. W/HAUSA","EXISTING PU"
"ADAMAWA","GIRE 1","ADARAWO","005","KOFAR MAI ANGUWA UWAISU/ NEAR TV VIEWING CENTRE","EXISTING PU"
"ADAMAWA","GIRE 1","ADARAWO","006","KOFAR YAHYA TOBACCO/ WURO HAUSA WARD YOLA","EXISTING PU"
"ADAMAWA","GIRE 1","ADARAWO","007","T.V. VIEWING CENTRE/ WURO HAUSA WARD YOLA","EXISTING PU"
"ADAMAWA","GIRE 1","ADARAWO","008","WURO HAUSA DISPENSARY/ WURO HAUSA WARD YOLA","EXISTING PU"
"ADAMAWA","GIRE 1","ADARAWO","009","WURO HAUSA PRI. SCH./ WURO HAUSA WARD YOLA I","EXISTING PU"
"ADAMAWA","GIRE 1","ADARAWO","010","WURO HAUSA PRI. SCH./ WURO HAUSA WARD YOLA II","EXISTING PU"
"ADAMAWA","GIRE 1","ADARAWO","011","WURO HAUSA PRI. SCH./ WURO HAUSA WARD YOLA III","EXISTING PU"
"ADAMAWA","GIRE 1","ADARAWO","012","KOFAR JAURO MANGA II","NEW PU"
"ADAMAWA","GIRE 1","ADARAWO","013","KOFAR JAURO WURO CHEKKE II","NEW PU"
"ADAMAWA","GIRE 1","ADARAWO","014","KOFAR JAURO WURO CHEKKE III","NEW PU"
"ADAMAWA","GIRE 1","ADARAWO","015","KOFAR MAI ANG DAHIRU II","NEW PU"
"ADAMAWA","GIRE 1","ADARAWO","016","KOFAR MAI ANGUWA UWAISU II","NEW PU"
"ADAMAWA","GIRE 1","ADARAWO","017","KOFAR YAHYA TOBACO II","NEW PU"
"ADAMAWA","GIRE 1","ADARAWO","018","T.V VIEWING CENTRE II","NEW PU"
"ADAMAWA","GIRE 1","ADARAWO","019","WURO HAUSA DISPENSARY II","NEW PU"
"ADAMAWA","GIRE 1","ADARAWO","020","WURO HAUSA PRI SCH IV","NEW PU"
"ADAMAWA","GIRE 1","ADARAWO","021","WURO HAUSA PRI SCH V","NEW PU"
"ADAMAWA","GIRE 1","ADARAWO","022","WURO HAUSA PRIMARY SCHOOL VI","NEW PU"
"ADAMAWA","GIRE 1","ADARAWO","023","WURO HAUSA PRIMARY SCHOOL VII","NEW PU"
"ADAMAWA","GIRE 1","ADARAWO","024","WURO HAUSA PRI SCHOOLV III","NEW PU"
"ADAMAWA","GIRE 1","BAKO","001","BAKO PRI. SCH./ OFF MODIBBO ADAMA WAY YOLA IV","EXISTING PU"
"ADAMAWA","GIRE 1","BAKO","002","BAKO PRI. SCH./ OFF MODIBBO ADAMA WAY YOLA V","EXISTING PU"
"ADAMAWA","GIRE 1","BAKO","003","BAKO PRI. SCH./ OFF MODIBBO ADAMA WAY YOLA VI","EXISTING PU"
"ADAMAWA","GIRE 1","BAKO","004","BAKO PRI. SCH./ OFF MODIBBO ADAMA WAY YOLA VII","EXISTING PU"
"ADAMAWA","GIRE 1","BAKO","005","KOFAR ALH. JAURO/ CHIROMA ROAD","EXISTING PU"
"ADAMAWA","GIRE 1","BAKO","006","KOFAR GRAND KHADI/ OFF MODIBBO ADAMA WAY","EXISTING PU"
"ADAMAWA","GIRE 1","BAKO","007","KOFAR WAZIRI/ OFF MODIBBO ADAMA WAY","EXISTING PU"
"ADAMAWA","GIRE 1","BAKO","008","MUSTAFA PRI. SCH./ MODIBBO ADAMA WAY I","EXISTING PU"
"ADAMAWA","GIRE 1","BAKO","009","MUSTAFA PRI. SCH./ MODIBBO ADAMA WAY II","EXISTING PU"
"ADAMAWA","GIRE 1","BAKO","010","MUSTAFA PRI. SCH./ MODIBBO ADAMA WAY III","EXISTING PU"
"ADAMAWA","GIRE 1","BAKO","011","YELWA GOVT. SEC. SCH./ OFF MODIBBO ADAMA WAY","EXISTING PU"
"ADAMAWA","GIRE 1","BAKO","012","BAKO PRI SCHOOL OFF MODIBBO ADAMA WAY, YOLA","NEW PU"
"ADAMAWA","GIRE 1","BAKO","013","BAKO PRI SCHOOL OFF MODIBBO ADAMA WAY","NEW PU"
"ADAMAWA","GIRE 1","BAKO","014","BAKO PRI SCHOOL OFF MODIBBO ADAMA WAY YOLA","NEW PU"
"ADAMAWA","GIRE 1","BAKO","015","BAKO PRI SCHOOL OFF MODIBBO ADAMA WAY YOLA","NEW PU"
"ADAMAWA","GIRE 1","BAKO","016","BAKO CLINIC","NEW PU"
"ADAMAWA","GIRE 1","BAKO","017","BAKO PRI SCHOOL XII","NEW PU"
"ADAMAWA","GIRE 1","BAKO","018","MUSTAFA PRI SCHOOL MODIBBO  ADAMA WAY IV","NEW PU"
"ADAMAWA","GIRE 1","BAKO","019","MUSTAFA PRI SCH MODIBBO ADAMA WAY V","NEW PU"
"ADAMAWA","GIRE 1","BAKO","020","MUSTAFA PRI SCHOOL MODIBBO ADAMA WAY VI","NEW PU"
"ADAMAWA","GIRE 1","BAKO","021","YELWA GOVT SEC SCH OFF MODIBBO ADAMA WAY II","NEW PU"
"ADAMAWA","GIRE 1","BAKO","022","YELWA GOVT SEC SCH OFF MODIBBO  ADAMA WAY III","NEW PU"
"ADAMAWA","GIRE 1","BAKO","023","YELWA GOVT SEC SCH MODIBBO ADAMA WAY IV","NEW PU"
"ADAMAWA","GIRE 1","BOLE YOLDE PATE","001","BOLE II PRI. SCH./ AFTER SHAGARI LOWCOST","EXISTING PU"
"ADAMAWA","GIRE 1","BOLE YOLDE PATE","002","GINDIN GAMJI/ SHAGARI PRI. SCHOOL","EXISTING PU"
"ADAMAWA","GIRE 1","BOLE YOLDE PATE","003","KOFAR JAURO BOLE I/ AFTER SHAGARI LOWCOST","EXISTING PU"
"ADAMAWA","GIRE 1","BOLE YOLDE PATE","004","KOFAR JAURO DOUCHECHI/ AFTER SHAGARI LOWCOST","EXISTING PU"
"ADAMAWA","GIRE 1","BOLE YOLDE PATE","005","KOFAR JAURO GUJUBABU/ ALONG YADIM ROAD","EXISTING PU"
"ADAMAWA","GIRE 1","BOLE YOLDE PATE","006","KOFAR JAURO NJACCINGO/ ALONG MAYO INE ROAD","EXISTING PU"
"ADAMAWA","GIRE 1","BOLE YOLDE PATE","007","KOFAR JAURO WURO ADDAYEL/ ALONG YADIM ROAD","EXISTING PU"
"ADAMAWA","GIRE 1","BOLE YOLDE PATE","008","KOFAR JAURO YOLDE PATE/ ALONG YADIM ROAD","EXISTING PU"
"ADAMAWA","GIRE 1","BOLE YOLDE PATE","009","SHAGARI DISPENSARY/ SHAGARI PHASE I. I","EXISTING PU"
"ADAMAWA","GIRE 1","BOLE YOLDE PATE","010","SHAGARI DISPENSARY/ SHAGARI PHASE I. II","EXISTING PU"
"ADAMAWA","GIRE 1","BOLE YOLDE PATE","011","SHAGARI DISPENSARY/ SHAGARI PHASE I. III","EXISTING PU"
"ADAMAWA","GIRE 1","BOLE YOLDE PATE","012","SHAGARI GOVT. DAY SEC. SCH./ SHAGARI PHASE I","EXISTING PU"
"ADAMAWA","GIRE 1","BOLE YOLDE PATE","013","TC DEMONSTRATION PRI. SCH./ NEAR T.C YOLA","EXISTING PU"
"ADAMAWA","GIRE 1","BOLE YOLDE PATE","014","YOLDE PATE PRI. SCH./ ALONG YADIM ROAD","EXISTING PU"
"ADAMAWA","GIRE 1","BOLE YOLDE PATE","015","BOLE II PRIMARY SCHOOL","NEW PU"
"ADAMAWA","GIRE 1","BOLE YOLDE PATE","016","GINDI GAMJI /SHAGARI PRIMARY SCHOOL II","NEW PU"
"ADAMAWA","GIRE 1","BOLE YOLDE PATE","017","GINDI GAMJI/SHAGARI PRIMARY SCHOOL III","NEW PU"
"ADAMAWA","GIRE 1","BOLE YOLDE PATE","018","GINDI GAMJI/SHAGARI PRIMARY SCHOOL IV","NEW PU"
"ADAMAWA","GIRE 1","BOLE YOLDE PATE","019","BANTAJE NOMADIC PRIMARY SCHOOL","NEW PU"
"ADAMAWA","GIRE 1","BOLE YOLDE PATE","020","MODIBBO RAJI PRIMARY SCHOOL","NEW PU"
"ADAMAWA","GIRE 1","BOLE YOLDE PATE","021","KOFAR JAURO YOLDE PATE/YOLDE PATE PRI SCH II","NEW PU"
"ADAMAWA","GIRE 1","BOLE YOLDE PATE","022","YOLDE PATE PRI HEALTH CARE","NEW PU"
"ADAMAWA","GIRE 1","BOLE YOLDE PATE","023","SABO GARI YOLDE PATE II NUSERY & PRIMARY SCH","NEW PU"
"ADAMAWA","GIRE 1","BOLE YOLDE PATE","024","SABO GARI YOLDE PATE II NUSERY & PRIMARY SCH II","NEW PU"
"ADAMAWA","GIRE 1","BOLE YOLDE PATE","025","SHAGARI DISPENSARY PHASE IV","NEW PU"
"ADAMAWA","GIRE 1","BOLE YOLDE PATE","026","PPU ADAMAWA STATE UNIVERSITY SITE OPPOSITE DISPENSARY OPEA SPACE","NEW PU"
"ADAMAWA","GIRE 1","BOLE YOLDE PATE","027","PPU ADAMAWA STATE UNIVERSITY MUBI SITE OPPOSITE DISPENSARY OPEN SPACE","NEW PU"
"ADAMAWA","GIRE 1","BOLE YOLDE PATE","028","PPU ADAMAWA STATE UNIVERSITY MUBI SITE OPPOSITE DISPENSARY OPEN SPACE","NEW PU"
"ADAMAWA","GIRE 1","BOLE YOLDE PATE","029","PPU ADAMAWA STATE UNIVERSITY MUBI SITE OPP DISPENSARY OPEN","NEW PU"
"ADAMAWA","GIRE 1","BOLE YOLDE PATE","030","SHAGARI GOVT DAY SEC SCH II","NEW PU"
"ADAMAWA","GIRE 1","BOLE YOLDE PATE","031","SHAGARI GOVT DAY SEC SCH III","NEW PU"
"ADAMAWA","GIRE 1","BOLE YOLDE PATE","032","SHAGARI GOVT JUNIOR SEC SCH","NEW PU"
"ADAMAWA","GIRE 1","BOLE YOLDE PATE","033","SHAGARI GOVT JUNIOR SEC SCH","NEW PU"
"ADAMAWA","GIRE 1","BOLE YOLDE PATE","034","NEAR TECHNICAL COLLEGE YOLA","NEW PU"
"ADAMAWA","GIRE 1","BOLE YOLDE PATE","035","YOLDE PATE PRIMARY SCH/ALONG YADIM ROAD II","NEW PU"
"ADAMAWA","GIRE 1","BOLE YOLDE PATE","036","YOLDE PATE PRIMARY SCH/ALONG YADIM ROAD III","NEW PU"
"ADAMAWA","GIRE 1","BOLE YOLDE PATE","037","YOLDE PATE PRIMARY SCH/ALONG YADIM ROAD IV","NEW PU"
"ADAMAWA","GIRE 1","BOLE YOLDE PATE","038","PUBLIC BOLEHOLE GADAWAGU","NEW PU"
"ADAMAWA","GIRE 1","BOLE YOLDE PATE","039","PRISON BARRACK UNDER A TREE","NEW PU"
"ADAMAWA","GIRE 1","BOLE YOLDE PATE","040","MODIRE PRIMARY SETTELMENT YOLDE PATE","NEW PU"
"ADAMAWA","GIRE 1","NAMTARI","001","CHANGALA PRI. SCH./ CHANGALA VILLAGE","EXISTING PU"
"ADAMAWA","GIRE 1","NAMTARI","002","KOFAR JAURO BOGGARE/ BOGGARE VILLAGE","EXISTING PU"
"ADAMAWA","GIRE 1","NAMTARI","003","KOFAR JAURO DOULABI/ AFTER NAMTARI MANGA","EXISTING PU"
"ADAMAWA","GIRE 1","NAMTARI","004","KOFAR JAURO NDUMGA/ AFTER ARMY BARRACKS","EXISTING PU"
"ADAMAWA","GIRE 1","NAMTARI","005","KOFAR JAURO NGOLOMBA/ NGOLOMBA VILLAGE","EXISTING PU"
"ADAMAWA","GIRE 1","NAMTARI","006","KOFAR JAURO SANGERE BODE/ NEAR N.T.A TRANSMITTER NUMAN ROAD","EXISTING PU"
"ADAMAWA","GIRE 1","NAMTARI","007","KOFAR JAURO RUMDE KILA/ AFTER ARMY BARRACKS","EXISTING PU"
"ADAMAWA","GIRE 1","NAMTARI","008","KOFAR JAURO WAURO JABBE/ NEAR TRACTOR HIRING UNIT","EXISTING PU"
"ADAMAWA","GIRE 1","NAMTARI","009","MALKOHI PRI. SCH./ AFTER ARMY BARRACKS","EXISTING PU"
"ADAMAWA","GIRE 1","NAMTARI","010","NAMTARI GUREL PRI. SCH./ OFF NUMAN ROAD. I","EXISTING PU"
"ADAMAWA","GIRE 1","NAMTARI","011","NAMTARI GUREL PRI. SCH./ OFF NUMAN ROAD. II","EXISTING PU"
"ADAMAWA","GIRE 1","NAMTARI","012","NAMTARI MANGA PRI. SCH./ OFF NUMAN ROAD. III","EXISTING PU"
"ADAMAWA","GIRE 1","NAMTARI","013","NAMTARI MANGA PRI. SCH./ OFF NUMAN ROAD. IV","EXISTING PU"
"ADAMAWA","GIRE 1","NAMTARI","014","WAURU JABBE PRI. SCH./ NEAR TRACTOR HIRING UNIT","EXISTING PU"
"ADAMAWA","GIRE 1","NAMTARI","015","WURO DADI PRI. SCH./ WURO DADI VILLAGE","EXISTING PU"
"ADAMAWA","GIRE 1","NAMTARI","016","SAMUNAKA WALOWAL GUGU PRI. SCH","NEW PU"
"ADAMAWA","GIRE 1","NAMTARI","017","NGOLOMBA PRIMARY SCHOOL II","NEW PU"
"ADAMAWA","GIRE 1","NAMTARI","018","SANGERE BODE PRIMARY SCHOOL II","NEW PU"
"ADAMAWA","GIRE 1","NAMTARI","019","SABON GARI PRIMARY SCHOOL DUNDERE","NEW PU"
"ADAMAWA","GIRE 1","NAMTARI","020","KARAL NEAR FGGC BY POLICE QUARTERS GATE","NEW PU"
"ADAMAWA","GIRE 1","NAMTARI","021","NITEL QUARTERS","NEW PU"
"ADAMAWA","GIRE 1","NAMTARI","022","KOFARE A PRIMARY HEALTH CARE CLINIC","NEW PU"
"ADAMAWA","GIRE 1","NAMTARI","023","NAMTARI MANGA PRI. SCH/OFF NUMAN ROAD III","NEW PU"
"ADAMAWA","GIRE 1","NAMTARI","024","ATIKU ABUBAKAR MODEL PRIMARY SCHOOL","NEW PU"
"ADAMAWA","GIRE 1","NAMTARI","025","WAURO JABBE PRIMARY SCHOOL","NEW PU"
"ADAMAWA","GIRE 1","NAMTARI","026","WAURO JABBE PRIMARY HEALTH CARE","NEW PU"
"ADAMAWA","GIRE 1","NAMTARI","027","NOMADIC SHOOL","NEW PU"
"ADAMAWA","GIRE 1","NGURORE","001","GODUWO PRI. SCH./ GODUWO VILLAGE","EXISTING PU"
"ADAMAWA","GIRE 1","NGURORE","002","KOFAR ARDO WURO YANKA/ NEAR NGURORE MARKET","EXISTING PU"
"ADAMAWA","GIRE 1","NGURORE","003","KOFAR BELLO WURKUM/ NEAR NGURORE MARKET","EXISTING PU"
"ADAMAWA","GIRE 1","NGURORE","004","KOFAR CHIROMA/ NEAR POLICE STATION","EXISTING PU"
"ADAMAWA","GIRE 1","NGURORE","005","KOFAR ELISHA MBULA/ ANGUWAN YANDANG","EXISTING PU"
"ADAMAWA","GIRE 1","NGURORE","006","KOFAR HARUNA/ GODUWO ROAD","EXISTING PU"
"ADAMAWA","GIRE 1","NGURORE","007","KOFAR JAURO FALIRE/ ALONG GODUWO ROAD","EXISTING PU"
"ADAMAWA","GIRE 1","NGURORE","008","KOFAR JAURO KONANKUKA/ EASTERN PART OF NGURORE","EXISTING PU"
"ADAMAWA","GIRE 1","NGURORE","009","KOFAR JAURO MBOI/ OFF GODUWO ROAD","EXISTING PU"
"ADAMAWA","GIRE 1","NGURORE","010","KOFAR JAURO SABON GARI/ ALONG GODUWO ROAD","EXISTING PU"
"ADAMAWA","GIRE 1","NGURORE","011","KOFAR MAI ANGUWA NASSARAWO/ NASSARAWO WARD NGURORE","EXISTING PU"
"ADAMAWA","GIRE 1","NGURORE","012","KOFAR MAI ANGUWA TOUNGO/ TOUNGO WARD NGURORE","EXISTING PU"
"ADAMAWA","GIRE 1","NGURORE","013","KOFAR SALIHU BANENNE/ ANGUWAN YANDANG","EXISTING PU"
"ADAMAWA","GIRE 1","NGURORE","014","KULANGU PRI. SCH./ ALONG GODUWO ROAD. I","EXISTING PU"
"ADAMAWA","GIRE 1","NGURORE","015","LANGIRE PRI. SCH./ ALONG GODUWO ROAD. II","EXISTING PU"
"ADAMAWA","GIRE 1","NGURORE","016","NGURORE PRI. SCH./ NGURORE PRI. SCH.","EXISTING PU"
"ADAMAWA","GIRE 1","NGURORE","017","T.V. VIEWING CENTRE/ NEAR PRI. SCH.","EXISTING PU"
"ADAMAWA","GIRE 1","NGURORE","018","WURO YANKA PRI. SCH./ WURO YANKA WARD","EXISTING PU"
"ADAMAWA","GIRE 1","NGURORE","019","WURO YANKA 1 PRIMARY SCHOOL III","NEW PU"
"ADAMAWA","GIRE 1","NGURORE","020","WURO YANKA DISPENSARY","NEW PU"
"ADAMAWA","GIRE 1","NGURORE","021","NGURORE PRIMARY SCHOOL","NEW PU"
"ADAMAWA","GIRE 1","NGURORE","022","WURO YANKA III PRIMARY SCHOOL","NEW PU"
"ADAMAWA","GIRE 1","NGURORE","023","WURO YANKA II PRIMARY SCHOOL","NEW PU"
"ADAMAWA","GIRE 1","NGURORE","024","WURO YANKA II PRIMARY SCHOOL","NEW PU"
"ADAMAWA","GIRE 1","NGURORE","025","NGURORE PRIMARY SCHOOL","NEW PU"
"ADAMAWA","GIRE 1","NGURORE","026","WURO YANKA III PRIMARY SCHOOL","NEW PU"
"ADAMAWA","GIRE 1","NGURORE","027","NGURORE PRIMARY SCHOOL","NEW PU"
"ADAMAWA","GIRE 1","NGURORE","028","NGURORE PRIMARY SCHOOL","NEW PU"
"ADAMAWA","GIRE 1","NGURORE","029","TV VIEWING CENTRE II","NEW PU"
"ADAMAWA","GIRE 1","NGURORE","030","WURO YANKA I PRIMARY SCHOOL","NEW PU"
"ADAMAWA","GIRE 1","NGURORE","031","WURO YANKA I PRIMARY SCHOOL","NEW PU"
"ADAMAWA","GIRE 1","MAKAMA 'A'","001","DAMARE PRI. SCH./ DAMARE WARD YOLA. I","EXISTING PU"
"ADAMAWA","GIRE 1","MAKAMA 'A'","002","DAMARE PRI. SCH./ DAMARE WARD YOLA. II","EXISTING PU"
"ADAMAWA","GIRE 1","MAKAMA 'A'","003","DAMARE PRI. SCH./ DAMARE WARD YOLA. III","EXISTING PU"
"ADAMAWA","GIRE 1","MAKAMA 'A'","004","KOFAR BABA AUDU/ ABUJA ROAD NEAR YERIMA'S HOUSE","EXISTING PU"
"ADAMAWA","GIRE 1","MAKAMA 'A'","005","KOFAR BAMANGA YAHYA/ SHEHU STREET","EXISTING PU"
"ADAMAWA","GIRE 1","MAKAMA 'A'","006","KOFAR BAYI/ EASTERN LAMIDO'S PALACE. I","EXISTING PU"
"ADAMAWA","GIRE 1","MAKAMA 'A'","007","KOFAR BAYI/ EASTERN LAMIDO'S PALACE. II","EXISTING PU"
"ADAMAWA","GIRE 1","MAKAMA 'A'","008","KOFAR KHADI BAMANGA/ SHEHU STREET","EXISTING PU"
"ADAMAWA","GIRE 1","MAKAMA 'A'","009","KOFAR MAI MANDARA/ ABUJA ROAD","EXISTING PU"
"ADAMAWA","GIRE 1","MAKAMA 'A'","010","KOFAR MODIBBO GIREI/ AFTER KOFAR BAYI","EXISTING PU"
"ADAMAWA","GIRE 1","MAKAMA 'A'","011","KOFAR MODIBBO ZELANI/ NEAR MODIBBO ZELANI MOSQUE","EXISTING PU"
"ADAMAWA","GIRE 1","MAKAMA 'A'","012","KOFAR UMARU KILA/ DAMARE WARD","EXISTING PU"
"ADAMAWA","GIRE 1","MAKAMA 'A'","013","KOFAR UMARU NGAUDERE/ NEAR DAMARE POLICE STATION","EXISTING PU"
"ADAMAWA","GIRE 1","MAKAMA 'A'","014","YELWA PRI. SCH./ AFTER YERIMA'S HOUSE","EXISTING PU"
"ADAMAWA","GIRE 1","MAKAMA 'A'","015","DAMARE PRIMARY SCHOOL IV","NEW PU"
"ADAMAWA","GIRE 1","MAKAMA 'A'","016","DAMARE PRIMARY SCHOOL V","NEW PU"
"ADAMAWA","GIRE 1","MAKAMA 'A'","017","DAMARE PRIMARY SCHOOL VI","NEW PU"
"ADAMAWA","GIRE 1","MAKAMA 'A'","018","DAMARE PRIMARY SCHOOL VII","NEW PU"
"ADAMAWA","GIRE 1","MAKAMA 'A'","019","DAMARE PRIMARY SCHOOL VIII","NEW PU"
"ADAMAWA","GIRE 1","MAKAMA 'A'","020","DAMARE PRIMARY SCHOOL IX","NEW PU"
"ADAMAWA","GIRE 1","MAKAMA 'A'","021","YELWA PRIMARY SCHOOL IV","NEW PU"
"ADAMAWA","GIRE 1","MAKAMA 'A'","022","LAMIDO ALIYU MUSTAPHA CLINIC I","NEW PU"
"ADAMAWA","GIRE 1","MAKAMA 'A'","023","LAMIDO ALIYU MUSTAPHA CLINIC II","NEW PU"
"ADAMAWA","GIRE 1","MAKAMA 'A'","024","KOFAR BAYI III","NEW PU"
"ADAMAWA","GIRE 1","MAKAMA 'A'","025","KOFAR BAYI IV","NEW PU"
"ADAMAWA","GIRE 1","MAKAMA 'A'","026","DAMARE AREA COURT III","NEW PU"
"ADAMAWA","GIRE 1","MAKAMA 'A'","027","YELWA PRIMARY SCHOOL VI","NEW PU"
"ADAMAWA","GIRE 1","MAKAMA 'A'","028","DAMARE PRIMARY SCHOOL XI","NEW PU"
"ADAMAWA","GIRE 1","MAKAMA 'A'","029","DAMARE POLICE STATION","NEW PU"
"ADAMAWA","GIRE 1","MAKAMA 'A'","030","YELWA PRIMARY SCHOOL V","NEW PU"
"ADAMAWA","GIRE 1","MAKAMA 'B'","001","CIVIL AREA COURT/ NEAR EDUCATION DEPT YOLA","EXISTING PU"
"ADAMAWA","GIRE 1","MAKAMA 'B'","002","FATTUDE GIREI PRI. SCH./ ABUJA ROAD YOLA","EXISTING PU"
"ADAMAWA","GIRE 1","MAKAMA 'B'","003","FATTUDE GIREI PRI. SCH./ ABUJA ROAD YOLA","EXISTING PU"
"ADAMAWA","GIRE 1","MAKAMA 'B'","004","FATTUDE GIREI PRI. SCH./ ABUJA ROAD YOLA","EXISTING PU"
"ADAMAWA","GIRE 1","MAKAMA 'B'","005","KOFAR BABA ABBA/ ABUJA ROAD YOLA","EXISTING PU"
"ADAMAWA","GIRE 1","MAKAMA 'B'","006","KOFAR BABA BATURE/ YERIMA STREET YOLA","EXISTING PU"
"ADAMAWA","GIRE 1","MAKAMA 'B'","007","KOFAR BARAYA/ ABUJA ROAD YOLA","EXISTING PU"
"ADAMAWA","GIRE 1","MAKAMA 'B'","008","KOFAR WAKILI OFFICE/ OFF SANDA ROAD","EXISTING PU"
"ADAMAWA","GIRE 1","MAKAMA 'B'","009","KOFAR WALI ABBA/ WALI WARD YOLA","EXISTING PU"
"ADAMAWA","GIRE 1","MAKAMA 'B'","010","SANDA PRI. SCH./ OFF ABUJA ROAD. I","EXISTING PU"
"ADAMAWA","GIRE 1","MAKAMA 'B'","011","SANDA PRI. SCH./ OFF ABUJA ROAD. II","EXISTING PU"
"ADAMAWA","GIRE 1","MAKAMA 'B'","012","SANDA PRI. SCH./ OFF ABUJA ROAD","EXISTING PU"
"ADAMAWA","GIRE 1","MAKAMA 'B'","013","T.V VIEWING CENTRE/ NEAR EDUCATION DEPT","EXISTING PU"
"ADAMAWA","GIRE 1","MAKAMA 'B'","014","CIVIL AREA COURT /NEAR EDUCATION DEPT II","NEW PU"
"ADAMAWA","GIRE 1","MAKAMA 'B'","015","FATTUDE GIREI PRI SCHOOL","NEW PU"
"ADAMAWA","GIRE 1","MAKAMA 'B'","016","FATTUDE GIREI PRI SCH ABUJA ROAD YOLA","NEW PU"
"ADAMAWA","GIRE 1","MAKAMA 'B'","017","(OPEN SPACE) NPF QUARTERS BEHIND FATTUDE GIREI PRI SCH","NEW PU"
"ADAMAWA","GIRE 1","MAKAMA 'B'","018","SANDA PRI SCHOOL","NEW PU"
"ADAMAWA","GIRE 1","MAKAMA 'B'","019","SANDA PRI SCHOOL","NEW PU"
"ADAMAWA","GIRE 1","MAKAMA 'B'","020","FATTUDE GIREI PRIMARY SCHOOL","NEW PU"
"ADAMAWA","GIRE 1","MAKAMA 'B'","021","SANDA PRIMARY SCHOOL OFF ABUJA ROAD","NEW PU"
"ADAMAWA","GIRE 1","MAKAMA 'B'","022","SANDA PRIMARY SCHOOL OFF ABUJA ROAD II","NEW PU"
"ADAMAWA","GIRE 1","MAKAMA 'B'","023","LEA YOLA SOUTH","NEW PU"
"ADAMAWA","GIRE 1","MBAMBA","001","KOFAR JAURO KOFARE/ OFF FUFORE ROAD","EXISTING PU"
"ADAMAWA","GIRE 1","MBAMBA","002","KOFAR JAURO RUMDE JABBI/ OPP UPPER BENUE","EXISTING PU"
"ADAMAWA","GIRE 1","MBAMBA","003","KOFAR JAURO SARKI JIKIR/ OPP MBAMBA KONA","EXISTING PU"
"ADAMAWA","GIRE 1","MBAMBA","004","KOFAR JAURO WURKUM/ ALONG FUFORE ROAD","EXISTING PU"
"ADAMAWA","GIRE 1","MBAMBA","005","KOFAR LAWAN SEBORE/ OFF FUFORE ROAD BY RIGHT","EXISTING PU"
"ADAMAWA","GIRE 1","MBAMBA","006","MBAMBA DISPENSARY/ ALONG FUFORE ROAD","EXISTING PU"
"ADAMAWA","GIRE 1","MBAMBA","007","NJOBOLI PRI. SCH./ OFF FUFORE ROAD. I","EXISTING PU"
"ADAMAWA","GIRE 1","MBAMBA","008","NJOBOLIYO PRI. SCH./ OFF FUFORE ROAD. II","EXISTING PU"
"ADAMAWA","GIRE 1","MBAMBA","009","NJOBOLIYO PRI. SCH./ OFF FUFORE ROAD BY LEG","EXISTING PU"
"ADAMAWA","GIRE 1","MBAMBA","010","RUGANGE PRI. SCH./ AFTER NJOBOLIYO. I","EXISTING PU"
"ADAMAWA","GIRE 1","MBAMBA","011","RUGANGE PRI. SCH./ AFTER NJOBOLIYO. II","EXISTING PU"
"ADAMAWA","GIRE 1","MBAMBA","012","T.V VIEWING CENTRE NJOBOLI/ OFF FUFORE ROAD","EXISTING PU"
"ADAMAWA","GIRE 1","MBAMBA","013","UPPER BENUE PRI. SCH./ ALONG FUFORE ROAD","EXISTING PU"
"ADAMAWA","GIRE 1","MBAMBA","014","KOFAR JAURO RUMDE JABBI/OPP UPPER BENUE I","NEW PU"
"ADAMAWA","GIRE 1","MBAMBA","015","KOFAR JAURO RUMDE JABBI/OPP UPPER BENUE II","NEW PU"
"ADAMAWA","GIRE 1","MBAMBA","016","KOFAR JAURO SARKI JIKIR OPP MBAMBA KONA II","NEW PU"
"ADAMAWA","GIRE 1","MBAMBA","017","KOFAR JAURO WURKUM/ALONG FUFORE ROAD II","NEW PU"
"ADAMAWA","GIRE 1","MBAMBA","018","MBAMBA DISPENSARY/ ALONG FUFORE ROAD (II)","NEW PU"
"ADAMAWA","GIRE 1","MBAMBA","019","MBAMBA DISPENSARY/ ALONG FUFORE ROAD (III)","NEW PU"
"ADAMAWA","GIRE 1","MBAMBA","020","NJOBOLI SEC. SCH OFF FUFORE ROAD II","NEW PU"
"ADAMAWA","GIRE 1","MBAMBA","021","UPPER BENUE PRIMARY SCHOOL ALONG FUFORE ROAD (II)","NEW PU"
"ADAMAWA","GIRE 1","MBAMBA","022","FEDERAL MINISTRY OF AGRIC AND RURAL DEV./ NO. 2 FUFORE ROAD","NEW PU"
"ADAMAWA","GIRE 1","MBAMOI","001","KOFAR AHMADU DANBURAM/ OFF SOKOTO ST. JUNCTION BY THE LEFT","EXISTING PU"
"ADAMAWA","GIRE 1","MBAMOI","002","KOFAR AHMADU DUWA/ OFF LADAN STREET","EXISTING PU"
"ADAMAWA","GIRE 1","MBAMOI","003","KOFAR AHMADU WAMBAI/ KOFAR AHMADU WAMBAI","EXISTING PU"
"ADAMAWA","GIRE 1","MBAMOI","004","KOFAR GALADIMA/ GALADIMA WARD YOLA","EXISTING PU"
"ADAMAWA","GIRE 1","MBAMOI","005","KOFAR MAGATAKARDA/ LADAN STREET YOLA","EXISTING PU"
"ADAMAWA","GIRE 1","MBAMOI","006","KOFAR MAHMUDU RIBADU/ OFF CHIROMA ROAD","EXISTING PU"
"ADAMAWA","GIRE 1","MBAMOI","007","KOFAR UMARU BABBAN MOFTI/ MBAMOI WARD YOLA","EXISTING PU"
"ADAMAWA","GIRE 1","MBAMOI","008","KOFAR WALI DAHIRU/ MBAMOI WARD YOLA. I","EXISTING PU"
"ADAMAWA","GIRE 1","MBAMOI","009","KOFAR WALI DAHIRU/ MBAMOI WARD YOLA. II","EXISTING PU"
"ADAMAWA","GIRE 1","MBAMOI","010","KOFAR YAMMA/ NEAR LAMIDO'S PALACE","EXISTING PU"
"ADAMAWA","GIRE 1","MBAMOI","011","KOFAR AHMADU DAN BURAM OFF SOKOTO ST. JUCTON (II)","NEW PU"
"ADAMAWA","GIRE 1","MBAMOI","012","KOFAR AHMADU DUWA /OFF LADAN ST","NEW PU"
"ADAMAWA","GIRE 1","MBAMOI","013","KOFAR MAGATAKANDA LADAN ST YOLA MBAMOI (II)","NEW PU"
"ADAMAWA","GIRE 1","MBAMOI","014","KOFAR MAHMUDU RIBADU/OFF CHIROMA RD (II)","NEW PU"
"ADAMAWA","GIRE 1","MBAMOI","015","KOFAR WALI DAHIRU (III)","NEW PU"
"ADAMAWA","GIRE 1","MBAMOI","016","KOFAR WALI DAHIRU II","NEW PU"
"ADAMAWA","GIRE 1","MBAMOI","017","MBAMOI NEAR LAMIDO'S PALACE YOLA SOUTH","NEW PU"
"ADAMAWA","GIRE 1","TOUNGO","001","GOVT. DAY SEC. SCH/ NEAR YOLA MOTOR PARK. I","EXISTING PU"
"ADAMAWA","GIRE 1","TOUNGO","002","GOVT. DAY SEC. SCH/ NEAR YOLA MOTOR PARK. II","EXISTING PU"
"ADAMAWA","GIRE 1","TOUNGO","003","GOVT. DAY SEC. SCH/ NEAR YOLA MOTOR PARK. III","EXISTING PU"
"ADAMAWA","GIRE 1","TOUNGO","004","HAMMAWA PRI. SCH./ MADAKI JUNCTION YOLA. IV","EXISTING PU"
"ADAMAWA","GIRE 1","TOUNGO","005","HAMMAWA PRI. SCH./ MADAKI JUNCTION YOLA. V","EXISTING PU"
"ADAMAWA","GIRE 1","TOUNGO","006","HAMMAWA PRI. SCH./ MADAKI JUNCTION YOLA. VI","EXISTING PU"
"ADAMAWA","GIRE 1","TOUNGO","007","KOFAR BABA MUSTAFA/ NEAR A.Y.T PETROL STATION","EXISTING PU"
"ADAMAWA","GIRE 1","TOUNGO","008","KOFAR WAKILI ASIBITI/ BEHIND YOLA MARKET","EXISTING PU"
"ADAMAWA","GIRE 1","TOUNGO","009","TOUNGO PRI. SCH./ MADAKI STREET JUNCTION. I","EXISTING PU"
"ADAMAWA","GIRE 1","TOUNGO","010","TOUNGO PRI. SCH./ MADAKI STREET JUNCTION. II","EXISTING PU"
"ADAMAWA","GIRE 1","TOUNGO","011","GOVT DAY SEC SCHOOL IV","NEW PU"
"ADAMAWA","GIRE 1","TOUNGO","012","GOVT DAY SEC SCHOOL V","NEW PU"
"ADAMAWA","GIRE 1","TOUNGO","013","GOVT DAY SEC SCHOOL VI","NEW PU"
"ADAMAWA","GIRE 1","TOUNGO","014","HAMMAWA PRI SCHOOL V","NEW PU"
"ADAMAWA","GIRE 1","TOUNGO","015","HAMMAWA PRI SCHOOL VI","NEW PU"
"ADAMAWA","GIRE 1","TOUNGO","016","KOFAR BABA MUSTAFA","NEW PU"
"ADAMAWA","GIRE 1","TOUNGO","017","KOFAR WAKILI ASIBITI II","NEW PU"
"ADAMAWA","GIRE 1","TOUNGO","018","KOFAR WAKILI ASIBITI III","NEW PU"
"ADAMAWA","GIRE 1","TOUNGO","019","TOUNGO PRIMARY SCHOOL","NEW PU"
"ADAMAWA","GIRE 1","TOUNGO","020","TOUNGO PRI SCHOOL","NEW PU"
"ADAMAWA","GIRE 1","YOLDE KOHI","001","DINGALI PRI. SCH./ OFF MAYO - BELWA ROAD","EXISTING PU"
"ADAMAWA","GIRE 1","YOLDE KOHI","002","GONGOSHI DISPENSARY/ IN GONGOSHI VILLAGE","EXISTING PU"
"ADAMAWA","GIRE 1","YOLDE KOHI","003","GONGOSHI PRI. SCH./ IN GONGOSHI VILLAGE","EXISTING PU"
"ADAMAWA","GIRE 1","YOLDE KOHI","004","HOSERE DISPENSARY./ OFF NUMAN ROAD","EXISTING PU"
"ADAMAWA","GIRE 1","YOLDE KOHI","005","HOSERE PRI. SCH./ OFF NUMAN ROAD","EXISTING PU"
"ADAMAWA","GIRE 1","YOLDE KOHI","006","KOFAR JAURO DUBIRE/ OFF MAYO BELWA ROAD","EXISTING PU"
"ADAMAWA","GIRE 1","YOLDE KOHI","007","KOFAR JAURO IBBARE/ MAYO BELWA ROAD","EXISTING PU"
"ADAMAWA","GIRE 1","YOLDE KOHI","008","KOFAR JAURO MALLAM MUSA/ OFF MAYO BELWA ROAD","EXISTING PU"
"ADAMAWA","GIRE 1","YOLDE KOHI","009","KOFAR JAURO NGASAGA/ NUMAN ROAD","EXISTING PU"
"ADAMAWA","GIRE 1","YOLDE KOHI","010","KOFAR JAURO TABRA/ OFF MAYO BELWA ROAD","EXISTING PU"
"ADAMAWA","GIRE 1","YOLDE KOHI","011","SABANA PRI. SCH./ ALONG NUMAN ROAD","EXISTING PU"
"ADAMAWA","GIRE 1","YOLDE KOHI","012","YOLDE KOHI PRI. SCH./ ALONG MAYO - BELWA ROAD","EXISTING PU"
"ADAMAWA","GIRE 1","YOLDE KOHI","013","DINGALI PRIMARY SCHOOL II","NEW PU"
"ADAMAWA","GIRE 1","YOLDE KOHI","014","HOSERE DISPENSARY II/OFF NUMAN ROAD","NEW PU"
"ADAMAWA","GIRE 1","YOLDE KOHI","015","YOLDE KOHI PRIMARY SCHOOL II/ALONG MAYO BELWA ROAD","NEW PU"